HARDWARE,Supplier,Product Code,Stock / Buyout,
HARDWARE - SCREWS/CONNECTORS,,,,
Adjustable Shelf Pins,Marathon,M-03-2415,Stock,
Shelf Support Glass,Marathon,M-03-2404,Stock,
Flat Screw #6 x 1/2   1 Drive,Marathon,M-R20-1513,Stock,
Flat Screw #8 x 5/8   #2 Drive,Marathon,M-R20-1564,Stock,
Flat Screw #8 x 3/4   #2 Drive,Marathon,M-R20-7165,Stock,
Flat Screw #8 x 1-1/4   #2 Drive,Marathon,M-R20-1765,Stock,
Flat Screw #8 x 2   #2 Drive,Marathon,M-R20-1773,Stock,
Flat Screw #8 x 2-1/2    #2 Drive,Marathon,M-R20-1779,Stock,
Drawer Front Screw Recex #8 x 1-1/4,Marathon,M-R20-3102,Stock,
Wafer Screw 3in (Garage Cabinet),Marathon,M-R20-3308,Stock,
Conformat Screw 7x50mm Pozi (Garage Cabinet),Marathon,M-06-6516,Stock,
System Screw Pozi (euro),Marathon,M-06-7000,Stock,
"Spacer Drawer slides 1.25"" (White)",Marathon,M-02-9512,Stock,
8/32 Standard Screw Break-away,Marathon,M-R20-3950,Stock,
M4 mm Standard Screw Break-away,Hafele,H.022.35.887,Stock,
Connector Sleeve m4,Hafele,H.267.01.717,Stock,
Metric Screw M4 x 10 (Connector Sleeve),Hafele,H.022.35.109,Stock,
System Bolt Single,Hafele,H.263.20.985,Stock,
System 1 Bolt  Double,Hafele,H.263.24.972,Stock,
System 2 piece Double,Hafele,H.263.24.943,Buyout,
Fixed Rafix Cams - White,Hafele,H.263.50.705,Stock,
Fixed Rafix Cams - Black,Hafele,H.263.50.305,Stock,
Fixed Rafix Cams - Brown,Hafele,H.263.50.105,Stock,
Fixed Rafix Cams - Beige,Hafele,H.263.50.405,Stock,
Glued Dowels 8x30mm ,Hafele,H.267.84.230,Stock,
Corner Bracket - White,Richelieu,R-B1655WH,Stock,
Corner Bracket - Black,Richelieu,R-B1655BLK,Stock,
Corner Bracket - Brown,Richelieu,R-B1655BRN,Stock,
Corner Bracket - Almond,Richelieu,R-B1655ALM,Stock,
Corner Bracket - Steel,Richelieu,R-5282G,Stock,
Door Stop for Inset Doors,Hafele,H.251.79.602,Stock,
Snap-Toggle with Bolts,Richelieu,R-TGST316212VDC1,Stock,
HANGING RAILS & HARDWARE,,,,
HANGING RAIL,,,,
Hanging Rail (Custom Lengths),Hafele,H.290.11.901.CTS,Stock,
"Hanging Rail 93""",Hafele,H.290.11.901,Stock,
"Hanging Rail 93""",Hafele,H.290.11.907,Stock,
,,,,
HANGING RAIL COVER,,,,
Hanging Rail Cover White (Custom Lengths),Hafele,H.290.12.781.CTS,Stock,
Hanging Rail Cover White (Custom Lengths) (NEW),Hafele,H.290.12.790.CTS,Stock,
Hanging Rail Cover Black (Custom Lengths),Hafele,H.290.12.380.CTS,Stock,
Hanging Rail Cover Black (Custom Lengths) (NEW),Hafele,H.290.12.390.CTS,Stock,
Hanging Rail Cover Brown (Custom Lengths),Hafele,H.290.12.180.CTS,Stock,
Hanging Rail Cover Brown (Custom Lengths) (NEW),Hafele,H.290.12.190.CTS,Stock,
Hanging Rail Cover Beige (Custom Lengths),Hafele,H.290.12.481.CTS,Stock,
Hanging Rail Cover Beige (Custom Lengths) (NEW),Hafele,H.290.12.490.CTS,Stock,
"Hanging Rail Cover White 93""",Hafele,H.290.12.781,Stock,
"Hanging Rail Cover White 93"" (NEW)",Hafele,H.290.12.790,Stock,
"Hanging Rail Cover Black 93""",Hafele,H.290.12.380,Stock,
"Hanging Rail Cover Black 93"" (NEW)",Hafele,H.290.12.390,Stock,
"Hanging Rail Cover Brown 93""",Hafele,H.290.12.180,Stock,
"Hanging Rail Cover Brown 93"" (NEW)",Hafele,H.290.12.190,Stock,
"Hanging Rail Cover Beige 93""",Hafele,H.290.12.481,Stock,
"Hanging Rail Cover Beige 93"" (NEW)",Hafele,H.290.12.490,Stock,
,,,,
HANGING HARDWARE,,,,
Hanging Hardware Left,Hafele,H.290.02.715,Stock,
Hanging Hardware Right,Hafele,H.290.02.714,Stock,
,,,,
HANGING HARDWARE COVER,,,,
Hanging Hardware Cover Left White,Hafele,H.290.06.020,Stock,
Hanging Hardware Cover Left Black,Hafele,H.290.06.022,Stock,
Hanging Hardware Cover Left Brown,Hafele,H.290.06.025,Stock,
Hanging Hardware Cover Left Beige,Hafele,H.290.06.033,Stock,
Hanging Hardware Cover Right White,Hafele,H.290.06.040,Stock,
Hanging Hardware Cover Right Black,Hafele,H.290.06.042,Stock,
Hanging Hardware Cover Right Brown,Hafele,H.290.06.045,Stock,
Hanging Hardware Cover Right Beige,Hafele,H.290.06.053,Stock,
,,,,
HINGES,,,,
Soft Close Hinges  ,,,,
Soft Close Hinge110' HalfOverlay (Closets),Marathon,M-105-C80B675F,Stock,
Soft Close Hinge110' Inset (Closets),Marathon,M-105-C80C675F,Stock,
Softclose Plate 0mm (Closets & Garages),Marathon,M-105-89T02TQ,Stock,
,,,,
Push to Open Hinges,,,,
Push Open Hinge Salice 110' Half Overlay (Closets),Hafele,H.329.17.802,Stock,
Push Open Hinge Salice 110' Inset (Closets),Hafele,H.329.17.803,Stock,
Push Open Plate Salice omm (Closets),Hafele,H.329.71.530,Stock,
Push Open Cylinder/Mount/Plate,Hafele,H.245.61.730,Stock,
,,,,
Reg. Hinges,,,,
Soft Close Hinge 110' Full Overlay (Garage),Marathon,M-105-C80A675F,Stock,
,,,,
45' Hinges,,,,
45' Hinge Softclose (Corner Units),Marathon,M-105-C80E675NF,Stock,
,,,,
LiftStay Hinges,,,,
LiftStay Soft Close Hinge 107' Qty1 (H=9-15 W=22-49),Marathon,M-105-SQ02AL,Buyout,
LiftStay Push-to-Open Hinge 107' Qty1 (H=9-15 W=22-49),Marathon,M-105-SQ0P2-AL,Buyout,
Liftstay Limiter 75' Qty 1,Marathon,M-105-SQW75,Buyout,
Liftstay Cover - White Qty 1,Marathon,M-105-SQJS-W,Buyout,
Swing-Up Liftstay (NEW),Hafele,H.372.27.701,Buyout,
SLIDES,,,,
UNDERMOUNT SLIDES,,,,
"Undermount Soft-Close Slide 300mm 12"" ",Marathon,M-105-DS10-300H,Stock,
"Undermount Soft-Close Slide 350mm 14"" ",Marathon,M-105-DS10-350H,Stock,
"Undermount Soft-Close Slide 400mm 16"" ",Marathon,M-105-DS10-400H,Stock,
"Undermount Soft-Close Slide 450mm 18"" ",Marathon,M-105-DS10-450H,Stock,
"Undermount Soft-Close Slide 550mm 22"" ",Marathon,M-105-DS10-550H,Stock,
,,,,
PUSH TO OPEN SLIDES,,,,
"Push to Open Soft-Close Slide 300mm 12""",Marathon,M-105-DF10-300H,Buyout,
"Push to Open Soft-Close Slide 350mm 14""",Marathon,M-105-DF10-350H,Buyout,
"Push to Open Soft-Close Slide 400mm 16""",Marathon,M-105-DF10-400H,Buyout,
"Push to Open Soft-Close Slide 450mm 18""",Marathon,M-105-DF10-450H,Buyout,
"Push to Open Soft-Close Slide 550mm 22""",Marathon,M-105-DF10-550H,Buyout,
Synch Rod for Push to Open Slide,Marathon,M-105-HT0FH02,Buyout,
,,,,
SIDE MOUNT SLIDES,,,,
"Side Mount Softclose 12""",Marathon,M-372-NJ35D65-12,Stock,
"Side Mount Softclose 14""",Marathon,M-372-NJ35D65-14,Stock,
"Side Mount Softclose 16""",Marathon,M-372-NJ35D65-16,Stock,
"Side Mount Softclose 18""",Marathon,M-372-NJ35D65-18,Stock,
"Side Mount Softclose 22""",Marathon,M-372-NJ35D65-22,Stock,
,,,,
Floating Shelf Hardware,,,,
FLOATING SHELF HARDWARE,,,,
Floating Shelf Hardware Kit - Comes as Qty 2,Richelieu,S.BP1622G,Stock,
Floating Shelf Concealed Bracket - Qty 1,Richelieu,S.1621512G,Stock,
Floating Shelf Rail - (Custom Length),Richelieu,S.1622410.CTS,Stock,
Floating Shelf Rail -  8ft,Richelieu,S.1622410,Stock,
,,,,
CLOSET RODS,,,,
CLOSET ROD,,,,
Closet Oval Rod Chrome (Custom Lengths),Hafele,H.801.13.201.CTS,Stock,
Closet Round Rod Chrome (Custom Lengths),Hafele,H.801.42.240.CTS,Stock,
Closet Round Rod Chrome (Custom Lengths) (NEW),Hafele,H.801.42.241.CTS,Stock,
Closet Round Rod Aluminum (Custom Lengths),Hafele,H.801.42.440.CTS,Stock,
Closet Round Rod Aluminum (Custom Lengths) (NEW),Hafele,H.801.42.441.CTS,Stock,
Closet Round Rod Black (Custom Lengths),Hafele,H.801.43.340.CTS,Stock,
Closet Round Rod Black (Custom Lengths) (NEW),Hafele,H.801.43.341.CTS,Stock,
Closet Round Rod Matt Gold (Custom Lengths),Hafele,H.801.42.040.CTS,Stock,
Closet Round Rod Matt Gold (Custom Lengths) (NEW),Hafele,H.801.42.041.CTS,Stock,
Closet Round Rod Slate (Custom Lengths),Hafele,H.801.42.340.CTS,Stock,
Closet Round Rod Slate (Custom Lengths) (NEW),Hafele,H.801.42.341.CTS,Stock,
"Oval Rod Chrome 92"" ",Hafele,H.801.13.201,Stock,
"Round Rod Chrome 92"" ",Hafele,H.801.42.240,Stock,
"Round Rod Chrome 92"" (NEW)",Hafele,H.801.42.241,Stock,
"Round Rod Matt-Aluminum 92"" ",Hafele,H.801.42.440,Stock,
"Round Rod Matt-Aluminum 92"" (NEW)",Hafele,H.801.42.441,Stock,
"Round Rod Black 92"" ",Hafele,H.801.43.340,Stock,
"Round Rod Black 92"" (NEW)",Hafele,H.801.43.341,Stock,
"Round Rod Matt Gold 92"" ",Hafele,H.801.42.040,Stock,
"Round Rod Matt Gold 92"" (NEW)",Hafele,H.801.42.041,Stock,
"Round Rod Slate 92"" ",Hafele,H.801.42.340,Stock,
"Round Rod Slate 92"" (NEW)",Hafele,H.801.42.341,Stock,
,,,,
LIGHTED CLOSET RODS,,,,
Lighted Closet Round Rod Chrome (Custom Lengths),Hafele,H.830.28.720.CTS,Buyout,
Lighted Closet Round Rod Matt-Aluminum (Custom Lengths),Hafele,H.830.28.700.CTS,Buyout,
Lighted Closet Round Rod Black (Custom Lengths),Hafele,H.830.28.820.CTS,Buyout,
Lighted Closet Round Rod Matt Gold (Custom Lengths) ,Hafele,H.830.28.790.CTS,Buyout,
Lighted Closet Round Rod Slate (Custom Lengths),Hafele,H.830.28.800.CTS,Buyout,
"Lighted Round Rod Chrome 96"" ",Hafele,H.830.28.720,Buyout,
"Lighted Round Rod Matt-Aluminum 96"" ",Hafele,H.830.28.700,Buyout,
"Lighted Round Rod Black 96"" ",Hafele,H.830.28.820,Buyout,
"Lighted Round Rod Matt Gold 96"" ",Hafele,H.830.28.790,Buyout,
"Lighted Round Rod Slate 96"" ",Hafele,H.830.28.800,Buyout,
,,,,
,,,,
LIGHTED CLOSET RODS,,,,
Translucent Cover (Custom Lengths),Hafele,H.833.74.781.CTS,Stock,
Translucent Cover 8ft,Hafele,H.833.74.781,Stock,
,,,,
CLOSET ROD HOLDERS,,,,
Closet Oval Rod Holder Chrome,Marathon,M-04-5311,Stock,
Closet Round Holder Chrome,Hafele,H.803.39.210,Stock,
Closet Round Holder Matt-Aluminum,Hafele,H.803.39.410,Stock,
Closet Round Holder Black,Hafele,H.803.64.410,Stock,
Closet Round Holder Matt Gold,Hafele,H.803.39.910,Stock,
Closet Round Holder Slate,Hafele,H.803.39.710,Stock,
,,,,
CLOSET ACCESSORIES,,,,
SCARF RACKS,,,,
"Scarf Rack 14"" Chrome",Hafele,H.807.67.223,Buyout,
"Scarf Rack 14"" Matt-Aluminum",Hafele,H.807.67.423,Buyout,
"Scarf Rack 14"" Black",Hafele,H.807.67.523,Buyout,
"Scarf Rack 14"" Matt Gold",Hafele,H.807.67.923,Buyout,
"Scarf Rack 14"" Slate",Hafele,H.807.67.323,Buyout,
,,,,
VALET RODS,,,,
"Valet Rod 14"" Chrome",Hafele,H.808.71.203,Buyout,
"Valet Rod 14"" Matt-Aluminum",Hafele,H.808.71.403,Buyout,
"Valet Rod 14"" Black",Hafele,H.808.71.503,Buyout,
"Valet Rod 14"" Matt Gold",Hafele,H.808.71.003,Buyout,
"Valet Rod 14"" Slate",Hafele,H.808.71.303,Buyout,
,,,,
TIE RACKS,,,,
"Tie Rack 14"" Chrome",Hafele,H.807.67.203,Buyout,
"Tie Rack 14"" Matt-Aluminum",Hafele,H.807.67.403,Buyout,
"Tie Rack 14"" Black",Hafele,H.807.67.503,Buyout,
"Tie Rack 14"" Matt Gold",Hafele,H.807.67.904,Buyout,
"Tie Rack 14"" Slate",Hafele,H.807.67.303,Buyout,
,,,,
BELT RACKS,,,,
"Belt Rack 14"" Chrome",Hafele,H.807.67.213,Buyout,
"Belt Rack 14"" Matt-Aluminum",Hafele,H.807.67.413,Buyout,
"Belt Rack 14"" Black",Hafele,H.807.67.513,Buyout,
"Belt Rack 14"" Matt Gold",Hafele,H.807.67.913,Buyout,
"Belt Rack 14"" Slate",Hafele,H.807.67.313,Buyout,
,,,,
SHOE FENCES,,,,
"Shoe Fence 11"" Chrome ",Hafele,H.547.52.221,Buyout,
"Shoe Fence 11"" Matt-Aluminum",Hafele,H.547.52.421,Buyout,
"Shoe Fence 11"" Black",Hafele,H.547.52.521,Buyout,
"Shoe Fence 11"" Matt Gold",Hafele,H.547.52.921 ,Buyout,
"Shoe Fence 11"" Slate",Hafele,H.547.52.321,Buyout,
"Shoe Fence 17"" Chrome",Hafele,H.547.52.222,Buyout,
"Shoe Fence 17"" Matt-Aluminum",Hafele,H.547.52.422,Buyout,
"Shoe Fence 17"" Black",Hafele,H.547.52.522,Buyout,
"Shoe Fence 17"" Matt Gold",Hafele,H.547.52.922,Buyout,
"Shoe Fence 17"" Slate",Hafele,H.547.52.322,Buyout,
"Shoe Fence 23"" Chrome",Hafele,H.547.52.223,Buyout,
"Shoe Fence 23"" Matt-Aluminum",Hafele,H.547.52.423,Buyout,
"Shoe Fence 23"" Black",Hafele,H.547.52.523,Buyout,
"Shoe Fence 23"" Matt Gold ",Hafele,H.547.52.923 ,Buyout,
"Shoe Fence 23"" Slate",Hafele,H.547.52.323,Buyout,
"Shoe Fence 29"" Chrome",Hafele,H.547.52.224,Buyout,
"Shoe Fence 29"" Matt-Aluminum",Hafele,H.547.52.424,Buyout,
"Shoe Fence 29"" Black",Hafele,H.547.52.524,Buyout,
"Shoe Fence 29"" Matt Gold",Hafele,H.547.52.924,Buyout,
"Shoe Fence 29"" Slate",Hafele,H.547.52.324,Buyout,
"Shoe Fence 35"" Chrome",Hafele,H.547.52.226,Buyout,
"Shoe Fence 35"" Matt-Aluminum",Hafele,H.547.52.426,Buyout,
"Shoe Fence 35"" Black",Hafele,H.547.52.526,Buyout,
"Shoe Fence 35"" Matt Gold",Hafele,H.547.52.926,Buyout,
"Shoe Fence 35"" Slate",Hafele,H.547.52.326,Buyout,
,,,,
PULL-OUT MIRROR,,,,
"Pullout Mirror 48""H  Matt-Aluminum",Hafele,H.805.73.022,Buyout,
"Pullout Mirror 48""H Black",Hafele,H.805.73.422,Buyout,
"Pullout Mirror 48""H Matt Gold",Hafele,H.805.73.922,Buyout,
"Pullout Mirror 48""H Slate",Hafele,H.805.73.322,Buyout,
,,,,
PANT RACKS,,,,
"Pant Rack 18"" Chrome",Hafele,H.805.58.231,Buyout,
"Pant Rack 18"" Matt-Aluminum",Hafele,H.805.58.931,Buyout,
"Pant Rack 18"" Black",Hafele,H.805.58.431,Buyout,
"Pant Rack 24"" Chrome",Hafele,H.805.58.233,Buyout,
"Pant Rack 24"" Matt-Aluminum",Hafele,H.805.58.933,Buyout,
"Pant Rack 24"" Black",Hafele,H.805.58.433,Buyout,
"Pant Rack 30"" Chrome",Hafele,H.805.58.235,Buyout,
"Pant Rack 30"" Matt-Aluminum",Hafele,H.805.58.935,Buyout,
"Pant Rack 30"" Black",Hafele,H.805.58.435,Buyout,
,,,,
PULL-OUT LAUNDRY HAMPERS,,,,
"Pull-Out Laundry Hamper 18"" (1 Bag) Chrome",Hafele,H.807.52.231,Buyout,
"Pull-Out Laundry Hamper 18"" (1 Bag) Matt-Aluminum",Hafele,H.807.52.931,Buyout,
"Pull-Out Laundry Hamper 18"" (1 Bag) Black",Hafele,H.807.52.331,Buyout,
"Pull-Out Laundry Hamper 24"" (2 Bag) Chrome",Hafele,H.807.52.233,Buyout,
"Pull-Out Laundry Hamper 24"" (2 Bag) Matt-Aluminum",Hafele,H.807.52.933,Buyout,
"Pull-Out Laundry Hamper 24"" (2 Bag) Black",Hafele,H.807.52.333,Buyout,
"Pull-Out Laundry Hamper 30"" (2 Bag) Chrome",Hafele,H.807.52.235,Buyout,
"Pull-Out Laundry Hamper 30"" (2 Bag) Matt-Aluminum",Hafele,H.807.52.935,Buyout,
"Pull-Out Laundry Hamper 30"" (2 Bag) Black",Hafele,H.807.52.335,Buyout,
,,,,
TILT-OUT LAUNDRY HAMPERS,,,,
"Tilt-Out Hamper 18"" (1 Bag) Black",Hafele,H.547.43.311,Buyout,
"Tilt-Out Hamper 24"" (2 Bag) Black",Hafele,H.547.43.313,Buyout,
"Tilt-Out Hamper 30"" (2 Bag) Black",Hafele,H.547.43.315,Buyout,
,,,,
TILT-OUT LAUNDRY BASKETS & CANVAS,,,,
"Tilt-Out Laundry Basket 18"" Chrome",Hafele,H.547.42.231,Buyout,
"Tilt-Out Laundry Basket 18"" Matt-Aluminum",Hafele,H.547.42.631,Buyout,
"Tilt-Out Laundry Basket 18"" Black",Hafele,H.547.42.331,Buyout,
"Tilt-Out Laundry Basket 18"" Matt Gold",Hafele,H.547.42.831,Buyout,
"Tilt-Out Laundry Basket 18"" Matt Gold",Hafele,H.547.42.031,Buyout,
"Tilt-Out Laundry Basket 18"" Slate",Hafele,H.547.42.531,Buyout,
"Tilt-Out Laundry Basket 24"" Chrome",Hafele,H.547.42.232,Buyout,
"Tilt-Out Laundry Basket 24"" Matt-Aluminum",Hafele,H.547.42.632,Buyout,
"Tilt-Out Laundry Basket 24"" Black",Hafele,H.547.42.332,Buyout,
"Tilt-Out Laundry Basket 24"" Matt Gold",Hafele,H.547.42.832,Buyout,
"Tilt-Out Laundry Basket 24"" Matt Gold",Hafele,H.547.42.032,Buyout,
"Tilt-Out Laundry Basket 24"" Slate",Hafele,H.547.42.532,Buyout,
"Tilt-Out Laundry Canvas 18"" Cream",Hafele,H.547.42.485,Buyout,
"Tilt-Out Laundry Canvas 24"" Cream",Hafele,H.547.42.487,Buyout,
,,,,
TILT-OUT LAUNDRY BASKET HARDWARE,,,,
Hamper Mounting Rail Chrome,Hafele,H.547.42.990,Buyout,
Hamper Mounting Rail Matt Aluminum,Hafele,H.547.42.690,Buyout,
Hamper Mounting Rail Black,Hafele,H.547.42.390,Buyout,
Hamper Mounting Rail Matt Gold,Hafele,H.547.42.890,Buyout,
Hamper Mounting Rail Matt Gold,Hafele,H.547.42.090,Buyout,
Hamper Mounting Rail Slate,Hafele,H.547.42.590,Buyout,
Hamper Flap Stay Matt Aluminum ,Hafele,H.547.42.993,Buyout,
Hamper Flap Stay Black,Hafele,H.547.42.994,Buyout,
,,,,
SLIDE-OUT WIRE BASKETS,,,,
"Wire Baskets 14D"" x 18W"" x6""H Chrome",Hafele,H.547.38.232,Buyout,
"Wire Baskets 14D"" x 18W"" x6""H Matt-Aluminum",Hafele,H.547.38.632,Buyout,
"Wire Baskets 14D"" x 18W"" x6""H Black",Hafele,H.547.38.332,Buyout,
"Wire Baskets 14D"" x 18W"" x6""H Matt Gold",Hafele,H.547.38.832,Buyout,
"Wire Baskets 14D"" x 18W"" x6""H Matt Gold (NEW)",Hafele,H.547.38.032,Buyout,
"Wire Baskets 14D"" x 18W"" x6""H Slate",Hafele,H.547.38.532,Buyout,
"Wire Baskets 14D"" x 18W"" x11""H Chrome",Hafele,H.547.38.236,Buyout,
"Wire Baskets 14D"" x 18W"" x11""H Matt-Aluminum",Hafele,H.547.38.636,Buyout,
"Wire Baskets 14D"" x 18W"" x11""H Black",Hafele,H.547.38.336,Buyout,
"Wire Baskets 14D"" x 18W"" x11""H Matt Gold",Hafele,H.547.38.836,Buyout,
"Wire Baskets 14D"" x 18W"" x11""H Matt Gold (NEW)",Hafele,H.547.38.036,Buyout,
"Wire Baskets 14D"" x 18W"" x11""H Slate",Hafele,H.547.38.536,Buyout,
"Wire Baskets 14D"" x 18W"" x17""H Chrome",Hafele,H.547.38.238,Buyout,
"Wire Baskets 14D"" x 18W"" x17""H Matt-Aluminum",Hafele,H.547.38.638,Buyout,
"Wire Baskets 14D"" x 18W"" x17""H Black",Hafele,H.547.38.338,Buyout,
"Wire Baskets 14D"" x 18W"" x17""H Matt Gold",Hafele,H.547.38.838,Buyout,
"Wire Baskets 14D"" x 18W"" x17""H Matt Gold (NEW)",Hafele,H.547.38.038,Buyout,
"Wire Baskets 14D"" x 18W"" x17""H Slate",Hafele,H.547.38.538,Buyout,
"Wire Baskets 14D"" x 24W"" x6""H Chrome",Hafele,H.547.40.232,Buyout,
"Wire Baskets 14D"" x 24W"" x6""H Matt-Aluminum",Hafele,H.547.40.632,Buyout,
"Wire Baskets 14D"" x 24W"" x6""H Black",Hafele,H.547.40.332,Buyout,
"Wire Baskets 14D"" x 24W"" x6""H Matt Gold",Hafele,H.547.40.832,Buyout,
"Wire Baskets 14D"" x 24W"" x6""H Matt Gold (NEW)",Hafele,H.547.40.032,Buyout,
"Wire Baskets 14D"" x 24W"" x6""H Slate",Hafele,H.547.40.532,Buyout,
"Wire Baskets 14D"" x 24W"" x11""H Chrome",Hafele,H.547.40.236,Buyout,
"Wire Baskets 14D"" x 24W"" x11""H Matt-Aluminum",Hafele,H.547.40.636,Buyout,
"Wire Baskets 14D"" x 24W"" x11""H Black",Hafele,H.547.40.336,Buyout,
"Wire Baskets 14D"" x 24W"" x11""H Matt Gold",Hafele,H.547.40.836,Buyout,
"Wire Baskets 14D"" x 24W"" x11""H Matt Gold (NEW)",Hafele,H.547.40.036,Buyout,
"Wire Baskets 14D"" x 24W"" x11""H Slate",Hafele,H.547.40.536,Buyout,
"Wire Baskets 14D"" x 24W"" x17""H Chrome",Hafele,H.547.40.238,Buyout,
"Wire Baskets 14D"" x 24W"" x17""H Matt-Aluminum",Hafele,H.547.40.638,Buyout,
"Wire Baskets 14D"" x 24W"" x17""H Black",Hafele,H.547.40.338,Buyout,
"Wire Baskets 14D"" x 24W"" x17""H Matt Gold",Hafele,H.547.40.838,Buyout,
"Wire Baskets 14D"" x 24W"" x17""H Matt Gold ",Hafele,H.547.40.038,Buyout,
"Wire Baskets 14D"" x 24W"" x17""H Slate",Hafele,H.547.40.538,Buyout,
"Wire Baskets 14D"" x 30W"" x6""H Chrome",Hafele,H.547.41.232,Buyout,
"Wire Baskets 14D"" x 30W"" x6""H Matt-Aluminum",Hafele,H.547.41.632,Buyout,
"Wire Baskets 14D"" x 30W"" x6""H Black",Hafele,H.547.41.332,Buyout,
"Wire Baskets 14D"" x 30W"" x6""H Matt Gold",Hafele,H.547.41.832,Buyout,
"Wire Baskets 14D"" x 30W"" x6""H Matt Gold ",Hafele,H.547.41.032,Buyout,
"Wire Baskets 14D"" x 30W"" x6""H Slate",Hafele,H.547.41.532,Buyout,
"Wire Baskets 14D"" x 30W"" x11""H Chrome",Hafele,H.547.41.236,Buyout,
"Wire Baskets 14D"" x 30W"" x11""H Matt-Aluminum",Hafele,H.547.41.636,Buyout,
"Wire Baskets 14D"" x 30W"" x11""H Black",Hafele,H.547.41.336,Buyout,
"Wire Baskets 14D"" x 30W"" x11""H Matt Gold",Hafele,H.547.41.836,Buyout,
"Wire Baskets 14D"" x 30W"" x11""H Matt Gold",Hafele,H.547.41.036,Buyout,
"Wire Baskets 14D"" x 30W"" x11""H Slate",Hafele,H.547.41.536 ,Buyout,
"Wire Baskets 14D"" x 30W"" x17""H Chrome",Hafele,H.547.41.238,Buyout,
"Wire Baskets 14D"" x 30W"" x17""H Matt-Aluminum",Hafele,H.547.41.638,Buyout,
"Wire Baskets 14D"" x 30W"" x17""H Black",Hafele,H.547.41.338,Buyout,
"Wire Baskets 14D"" x 30W"" x17""H Matt Gold",Hafele,H.547.41.838,Buyout,
"Wire Baskets 14D"" x 30W"" x17""H Matt Gold",Hafele,H.547.41.038,Buyout,
"Wire Baskets 14D"" x 30W"" x17""H Slate",Hafele,H.547.41.538,Buyout,
,,,,
JEWELRY TRAY ,,,,
"Jewelry Tray 14D"" x 24W"" x 2H"" Grey",Hafele,H.811.03.504,Buyout,
,,,,
BELT TRAY ,,,,
"Belt Tray 14D"" x 24W"" x 4H"" Grey",Hafele,H.811.03.513,Buyout,
,,,,
IRONING BOARD  ,,,,
"Ironing Board (Shelf Mounted) 14D"" x 24W"" White",Hafele,H.568.60.781,Buyout,
,,,,
WARDROBE LIFTS,,,,
"Wardrobe Lift 21.25""-26"" Chrome/Black",Hafele,H.805.31.201,Buyout,
"Wardrobe Lift 26""-35"" Chrome/Black",Hafele,H.805.31.202,Buyout,
"Wardrobe Lift 35""-47.5"" Chrome/Black",Hafele,H.805.31.203,Buyout,
,,,,
DOUBLE HOOK,,,,
Double Hook Chrome,Hafele,H.807.69.240,Buyout,
Double Hook Matt-Aluminum,Hafele,H.807.69.040,Buyout,
Double Hook Black,Hafele,H.807.68.340,Buyout,
Double Hook Matt Gold,Hafele,H.807.69.940,Buyout,
Double Hook Slate,Hafele,H.807.69.340,Buyout,
,,,,
SINGLE HOOK,,,,
Single Coat Hook Chrome,Hafele,H.807.69.230,Buyout,
Single Coat Hook Matt-Aluminum,Hafele,H.807.69.030,Buyout,
Single Coat Hook Black,Hafele,H.807.68.330,Buyout,
Single Coat Hook Matt Gold,Hafele,H.807.69.930,Buyout,
Single Coat Hook Slate,Hafele,H.807.69.330,Buyout,
HANDLES,,,,
Round Flat Knob ,,,,
"HANDLES ROUND, Chrome",Hafele,H.111.95.140,Buyout,
"HANDLES ROUND, Matt Nickle",Hafele,H.111.95.142,Buyout,
"HANDLES ROUND, Matt Aluminum",Hafele,H.111.95.141,Buyout,
"HANDLES, Black",Hafele,H.111.95.300,Buyout,
"HANDLES ROUND, Black",Hafele,H.111.95.302,Buyout,
"HANDLES ROUND, Matt Gold",Hafele,H.111.95.144,Buyout,
"HANDLES ROUND, Slate",Hafele,H.111.95.145,Buyout,
,,,,
Square Knob ,,,,
"HANDLES SQUARE, Chrome",Hafele,H.111.95.000,Buyout,
"HANDLES SQUARE, Matt  Aluminum",Hafele,H.111.95.004,Buyout,
"HANDLES SQUARE, Black",Hafele,H.111.95.303,Buyout,
"HANDLES SQUARE, Matt Gold",Hafele,H.111.95.003 ,Buyout,
"HANDLES SQUARE, Slate",Hafele,H.111.95.005,Buyout,
,,,,
Finger Knob,,,,
"HANDLES FINGER, Chrome",Hafele,H.111.95.160,Buyout,
"HANDLES FINGER, Matt Aluminum",Hafele,H.111.95.161,Buyout,
"HANDLES FINGER, Black",Hafele,H.111.95.301,Buyout,
"HANDLES FINGER, Matt Gold",Hafele,H.111.95.164,Buyout,
"HANDLES FINGER, Slate",Hafele,H.111.95.165,Buyout,
,,,,
Handle 1,,,,
"HANDLES, SS, 128mm",Hafele,H.155.01.460,Buyout,
"HANDLES, SS, 128mm (NEW)",,H.155.00.061,Buyout,
"HANDLES, SS, 160mm",Hafele,H.155.01.461,Buyout,
"HANDLES, SS, 160mm (NEW)",,H.155.00.090,Buyout,
"HANDLES, SS, 192mm",Hafele,H.155.01.462,Buyout,
"HANDLES, SS, 192mm (NEW)",,H.155.00.091,Buyout,
"HANDLES, SS, 224mm",Hafele,H.155.01.463,Buyout,
"HANDLES, SS, 224mm (NEW)",,H.155.00.092,Buyout,
"HANDLES, SS, 288mm",Hafele,H.155.01.464,Buyout,
"HANDLES, SS, 320mm",Hafele,H.155.01.465,Buyout,
"HANDLES, SS, 320mm (NEW)",,H.155.00.093,Buyout,
"HANDLES, SS, 440mm",Hafele,H.155.01.466,Buyout,
"HANDLES, SS, 440mm (NEW)",,H.155.00.094,Buyout,
,,,,
Handle 2,,,,
"HANDLES, Chrome, 160mm",Hafele,H.110.34.255,Buyout,
"HANDLES, Brushed Nickle, 160mm",Hafele,H.110.34.655,Buyout,
"HANDLES, Flat Black, 160mm",Hafele,H.110.34.355,Buyout,
,,,,
Handle 3,,,,
"HANDLES, SS, 128mm",Hafele,H.117.05.610,Buyout,
"HANDLES, SS, 192mm",Hafele,H.117.05.620,Buyout,
"HANDLES, SS, 224mm",Hafele,H.117.05.630,Buyout,
"HANDLES, SS, 320mm",Hafele,H.117.05.640,Buyout,
"HANDLES, SS, 480mm",Hafele,H.117.05.650,Buyout,
,,,,
Handle 1,,,,
"HANDLES1, Chrome, 128mm",Hafele,H.111.95.270,Buyout,
"HANDLES1, Matt Aluminum, 128mm",Hafele,H.111.95.271,Buyout,
"HANDLES1, Black, 128mm",Hafele,H.111.95.306,Buyout,
"HANDLES1, Matt Gold, 128mm",Hafele,H.111.95.272,Buyout,
"HANDLES1, Slate, 128mm",Hafele,H.111.95.275,Buyout,
"HANDLES1, Chrome, 192mm",Hafele,H.111.95.280,Buyout,
"HANDLES1, Matt Aluminum, 192mm",Hafele,H.111.95.281,Buyout,
"HANDLES1, Black, 192mm",Hafele,H.111.95.307,Buyout,
"HANDLES1, Matt Gold, 192mm",Hafele,H.111.95.282,Buyout,
"HANDLES1, Slate, 192mm",Hafele,H.111.95.285,Buyout,
,,,,
Handle 2,,,,
"HANDLES2, Chrome, 128mm",Hafele,H.111.95.100,Buyout,
"HANDLES2, Matt Aluminum, 128mm",Hafele,H.111.95.101,Buyout,
"HANDLES2, Black, 128mm",Hafele,H.111.95.311,Buyout,
"HANDLES2, Matt Gold, 128mm",Hafele,H.111.95.104,Buyout,
"HANDLES2, Slate, 128mm",Hafele,H.111.95.105,Buyout,
"HANDLES2, Chrome, 256mm",Hafele,H.111.95.290,Buyout,
"HANDLES2, Matt Aluminum, 256mm",Hafele,H.111.95.291,Buyout,
"HANDLES2, Black, 256mm",Hafele,H.111.95.312,Buyout,
"HANDLES2, Matt Gold, 256mm",Hafele,H.111.95.291,Buyout,
"HANDLES2, Slate, 256mm",Hafele,H.111.95.295,Buyout,
,,,,
Handle 3,,,,
"HANDLES3, Chrome, 128mm",Hafele,H.111.95.180,Buyout,
"HANDLES3, Matt Nickle, 128mm",Hafele,H.111.95.182,Buyout,
"HANDLES3, Black, 128mm",Hafele,H.111.95.310,Buyout,
"HANDLES3, Matt Gold, 128mm",Hafele,H.111.95.184 ,Buyout,
"HANDLES3, Slate, 128mm",Hafele,H.111.95.185,Buyout,
,,,,
DOOR & DRAWER LOCKS,,,,
DOOR LOCK ACCESSORIES,,,,
"Door Lock Right, short throw",Hafele,H.232.26.600,Buyout,
"Door Lock Left, short throw",Hafele,H.232.26.610,Buyout,
"Door Cylinder, keyed Alike",Hafele,H.210.40.601,Buyout,
"Door Cylinder, keyed Different",Hafele,H.210.40.600,Buyout,
Door cylinder rosette (cover),Hafele,H.219.19.677,Buyout,
Door Strike Plate,Hafele,H.239.61.319,Buyout,
,,,,
DRAWER LOCK ACCESSORIES,,,,
Drawer Push Button Lock (Side Mounted only),Hafele,H.234.65.600,Buyout,
Locking Cyl. Sleeve,Hafele,H.234.59.994,Buyout,
"Drawer Cylinder, keyed Alike",Hafele,H.210.40.601,Buyout,
"Drawer Cylinder, keyed Different",Hafele,H.210.40.600,Buyout,
Drawer cylinder rosette (cover),Hafele,H.219.19.677,Buyout,
,,,,
OFFICE ACCESSORIES,,,,
MONITOR MOUNTING,,,,
Keyboard Tray Combo                     ,Hafele,H.632.68.311,Buyout,
Eliptta Long Arm - Basic (Qty 1),Hafele,H.818.11.939,Buyout,
Eliptta Universal Mounting Post,Hafele,H.818.10.901,Buyout,
Eliptta Sliding Clamp Doble Monitor,Hafele,H.818.11.965,Buyout,
Ellipta Wall Mount Bracket,Hafele,H.818.11.980,Buyout,
Omni-Ellipta Bracket,Hafele,H.818.11.981,Buyout,
,,,,
WALL TRACK,,,,
"Omni Wall Track - 96""",Hafele,H.792.00.000,Buyout,
"Omni Wall Track - 96""",Hafele,H.792.00.005,Buyout,
"Omni Wall Track - 96""  (Custom Lengths)",Hafele,H.792.00.005.CTS,Buyout,CTS PART ADDED TO CLOSET ROD GROUP ATTRIBUTE
Omni Edge Profile - Black (not available when stacking),Hafele,H.792.00.320,Buyout,
"Omni Edge Profile - Aluminum - 96"" (Used for Stacking) OLD",Hafele,H.792.01.000,Buyout,
"Omni Edge Profile - Aluminum - 96"" (Used for Stacking) NEW",Hafele,H.792.01.002,Buyout,
,,,,
TRAYS AND ORGANIZATION,,,,
Omni Paper Tray,Hafele,H.818.83.910,Buyout,
Omni Pencil Tray,Hafele,H.818.83.920,Buyout,
Omni Small Tray,Hafele,H.818.83.930,Buyout,
Omni Upright Tray,Hafele,H.818.83.940,Buyout,
Omni File Hanger,Hafele,H.818.83.900,Buyout,
File Frame Kit - Letter,Hafele,H.422.74.310,Buyout,
File Frame Kit - Legal,Hafele,H.422.74.320,Buyout,
,,,,
POWER STATIONS,,,Buyout,
Pop-up Power Station,Hafele,H.822.99.340,Buyout,
Pop-up Power Station (NEW),Hafele,H.822.09.409,Buyout,
Power/Data Station,Hafele,H.822.09.331,Buyout,
Power/Data Station (NEW),Hafele,H.822.09.406,Buyout,
Grommet - 2 3/8,Hafele,H.631.43.302,Buyout,
,,,,
,,,,
GARAGE ACCESSORIES,,,,
Wall Track,,,,
"Omni Wall Track - 96""",Hafele,H.792.00.000,Buyout,
"Omni Wall Track - 96""",Hafele,H.792.00.005,Buyout,
"Omni Wall Track - 96""  (Custom Lengths)",Hafele,H.792.00.005.CTS,Buyout,
,,,,
HANDLE,,,,
Extruded Door Handle,Hafele,H.792.01.060,Buyout,
Extruded Door Handle,Hafele,H.792.01.061,Buyout,
Extruded Door Handle (Custom Lengths),Hafele,H.792.01.061.CTS,Buyout,
Extruded Door Handle (Custom Lengths),Hafele,H.792.01.061.CTS,Buyout,
,,,,
HOOKS & ORGANIZERS,,,,
Utility Hook,Hafele,H.792.02.203,Buyout,
Garden Tool Hook,Hafele,H.792.02.200,Buyout,
Hose Hook,Hafele,H.792.02.202,Buyout,
Horizontal Bike Hook,Hafele,H.792.02.005,Buyout,
Activity Hook,Hafele,H.792.02.004,Buyout,
Vertical Bike Hook,Hafele,H.792.02.201,Buyout,
Fishing Rod Hook,Hafele,H.792.02.006,Buyout,
Small Cover Cap,Hafele,H.792.02.399,Buyout,
Hand Tool Hooks,Hafele,H.792.02.255,Buyout,
Screwdriver Hook,Hafele,H.792.02.252,Buyout,
Wrench Hook,Hafele,H.792.02.251,Buyout,
Pliers Hook,Hafele,H.792.02.250,Buyout,
Paper Organizer,Hafele,H.792.02.254,Buyout,
Single Hook,Hafele,H.792.02.253,Buyout,
Large Cover Cap,Hafele,H.792.02.349,Buyout,
,,,,
BINS,,,,
Storage Bin 5-1/4D x 4-1/4W x 3H,Hafele,H.792.02.380,Buyout,
Storage Bin 7-1/4D x 4-1/4W x 3H,Hafele,H.792.02.381,Buyout,
Storage Bin 10-3/4D x 5-1/2W x 5H,Hafele,H.792.02.382,Buyout,
,,,,
LEGS,,,,
"Garage Aluminum Legs 6""",Hafele,H.792.01.081,Buyout,
,,,,
CLOSET LED LIGHTING,,,,
POWER LEAD – (Wall plug-in to 60Watt Driver),,,,
"Primary Lead 78"" ",Hafele,H.833.89.003,Buyout,
,,,,
DRIVERS/DISTRIBUTORS – (Connects to Power lead),,,,
20Watt 12V Constant,Hafele,H.833.95.000,Buyout,
40Watt 12V Constant,Hafele,H.833.95.002,Buyout,
60Watt 24V Constant,Hafele,H.833.95.020,Buyout,
6-way distributor w/ switching function (MUST Use with Driver),Hafele,H.833.95.749,Buyout,
"6-way 24V Distributor w/ switch port, 6 Light ports (MUST Use with 60 Watt Driver)",Hafele,H.833.77.833,Buyout,
,,,,
EXT. LEADS - (From Driver/Distributor to 6 Way or single light lead)        ,,,,
"Ext. Lead, M/F 19"" ",Hafele,H.833.95.712,Buyout,
"Ext. Lead, M/F 39""",Hafele,H.833.95.713,Buyout,
"Ext. Lead, M/F 78""",Hafele,H.833.95.714,Buyout,
"Ext. Lead, 24V, M/F 78"" ",Hafele,H.833.95.717,Buyout,
,,,,
1 to 6 WAY LEAD DISTRIBUTOR – (From single Driver/Distributor port to multiple additional ports for lights or further extensions),,,,
"6-Way Distrbutor 78"" ",Hafele,H.833.95.786,Buyout,
6-Way 24V Lead Distributor 5“ Lead,Hafele,H.833.77.839,Buyout,
"4-way Ext. Lead 78""+59""+59""+59""x2 ",Hafele,H.833.95.742,Buyout,
,,,,
LED PUCK LIGHTS ,,,,
"Puck Light, 24V, 2.25"", Recessed, 3.4W, Warm White 3K, Requires LEAD & Housing.",Hafele,H.833.75.175,Buyout,
"LED Puck, 2.5"", Recessed, 2.5W, Warm White, Chrome, 157""",Hafele,H.833.72.091,Buyout,
"MINI LED Puck, 1 3/8"",  Recessed 1.5W Warm White Chrome, 78""  ",Hafele,H.833.72.043,Buyout,
Adapters for Loox3 pucks to Loox5 Drivers ,Hafele,H.833.95.753,Buyout,
,,,,
,,,,
PUCK LIGHT HOUSING – (Choose 1 for every Puck light),,,,
"Recess Housing, Round, Stainless Steel",Hafele,H.833.72.382,Buyout,
"Recess Housing, Round, Black",Hafele,H.833.72.168,Buyout,
"Recess Housing, Round, Slate",Hafele,H.833.72.380,Buyout,
"Recess Housing, Round, Aluminum",Hafele,H.833.72.126,Buyout,
"Recess Housing, Round, White",Hafele,H.833.72.171,Buyout,
"Surface Housing, Round, Stainless Steel",Hafele,H.833.72.194,Buyout,
"Surface Housing, Round, Black",Hafele,H.833.72.160,Buyout,
"Surface Housing, Round, Slate",Hafele,H.833.72.193,Buyout,
"Surface Housing, Round, Aluminum",Hafele,H.833.72.124,Buyout,
"Surface Housing, Round, White",Hafele,H.833.72.163,Buyout,
,,,,
PUCK LIGHT CONNECTOR - (Must use with every Puck light used),,,,
"Driver/Distributor or 6 Way to PUCK, 24V Connector 78""      ",Hafele,H.833.95.791,Buyout,
,,,,
,,,,
"ON/OFF SWITCH – (If using a dedicated wall switch to socket to turn the lights on/off, then skip the Switch section)",,,,
"Push Switch 78""  ",Hafele,H.833.89.108,Buyout,
"Concealed/Touch Switch 0"" ",Hafele,H.833.89.133,Buyout,
"Remote Switch 0"" ",Hafele,H.833.89.122,Buyout,
"6 Channel Remote Receiver 39"" ",Hafele,H.833.73.741,Buyout,
Door Activation Switch ,Hafele,H.833.89.128,Buyout,
Motion Switch ,Hafele,H.833.89.129,Buyout,
Motion Switch (Adjustable timing) ,Hafele,H.833.89.333,Buyout,
Switch Housing ,Hafele,H.833.89.090,Buyout,
,,,,
SWITCH EXTENSION CABLE,,,,
"Switch Extension cable 78"" ",Hafele,H.833.89.067,Buyout,
,,,,
SWITCH ADAPTER CABLE – (Must use with Concealed or Motion Switch),,,,
"Cable 39"" ",Hafele,H.833.89.141,Buyout,
"Cable 78"" ",Hafele,H.833.89.142,Buyout,
,,,,
"LED STRIP LIGHT (can cut every 1"")",,,,
"5M Roll, 3000K, Warm White, 20Watt ",Hafele,H.833.74.355,Buyout,
"5M Roll, 24V, 3000K, Warm White, 24Watt/5m",H.833.76.317,H.833.76.317,Buyout,
,,,,
LED STRIP CONNECTORS - (Flexible – Must use with every Lighted Closet Rod or Channeled part) ,,,,
"LED to LED Connector  2""  ",Hafele,H.833.89.191,Buyout,
"LED to LED Connector  19""  ",Hafele,H.833.89.192,Buyout,
"LED to LED Connector  78"" ",Hafele,H.833.89.193,Buyout,
"Driver/Strip Connector 4""  ",Hafele,H.833.93.736,Buyout,
"Driver/Strip Connector 78""  ",Hafele,H.833.95.700,Buyout,
"Driver/Distributor or 6 Way to LED, 24V Connector 78""      ",Hafele,H.833.95.706,Buyout,
,,,,
LED STRIP SWITCH,,,,
"Aluminum Profile Dimmer 78"" ",Hafele,H.833.95.751,Buyout,
"Aluminum Profile Motion 78"" ",Hafele,H.833.95.750,Buyout,
,,,,
ALUMINUM CABLE TRAY or used as LED Corner Lighting  - (LED not included),,,,
"Square Surface Mount 98"" - Frosted Diffusor",Hafele,H.833.72.842,Buyout,
"Slim Square Mount 98"" - Frosted Diffusor (WONT WORK)  DELETE",Hafele,H.833.72.840,Buyout,
"Slim Square Mount 98"" - Frosted Diffusor (NEW)",Hafele,H.833.71.852,Buyout,
"Corner Surface Mount 98"" - Frosted Diffusor ",Hafele,H.833.74.812,Buyout,
,,,,
JIGS/TOOLS,,,,
RAFIX  ,,,,
Replacement Rafix Drill,Hafele,H.001.24.426,Stock,
Replacement Rafix Jig,Hafele,H.001.25.631,Stock,
Replacement Rafix Stop Ring,Hafele,H.001.42.693,Stock,
Replacement Rafix Drill Guage,Hafele,H.001.28.750,Stock,
,,,,
BITS,,,,
5mm Drill Bits (10 pack),Hafele,H.001.41.168,Buyout,
"Pozi Drive Driver Bit 2"" (10 pack)",Hafele,H.006.37.285,Buyout,
Confirmat Drill Bit,Richelieu,"

R.AT55102",Buyout,
,,,,
JIGS/TOOLS,,,,
Line Boring Jig,Hafele,H.001.27.007,Buyout,
Handle Drilling Jig,Hafele,H.001.35.001,Buyout,
Centering Drill Bit Holder (Line Boring Tool),Hafele,H.001.28.600,Buyout,
,,,,
TOUCH-UP STICKS,,,,
Touch-Up Sticks,,,,
White,Richelieu,M2300202,Stock,
Nova White,Richelieu,M2300202,Stock,
Free Spirit,Richelieu,M2300183,Stock,
Sheer Beauty,Richelieu,M2300173,Stock,
Fashionista,Richelieu,M2319114,Stock,
First Class,Richelieu,M2300279,Stock,
White Chocolate,Richelieu,M2319483,Stock,
Canadian Gray,Richelieu,M2300027,Stock,
Maple,Richelieu,M2308359,Stock,
Silverwood,Richelieu,M2300070,Stock,
Esterel,Richelieu,M2319114,Stock,
Cassis,Richelieu,M2300069,Stock,
Winter Fun,Richelieu,M2300037,Stock,
Apres Ski,Richelieu,M2319114,Stock,
Chiffon,Richelieu,M2300083,Stock,
Pietra,Richelieu,M2300049,Stock,
Ombre,Richelieu,M2300035,Stock,
Whisper,Richelieu,M2300503,Stock,
Rumour,Richelieu,M2319114,Stock,
,,,,
CAM/SCREW COVERS,,,,
TFL CAM COVERS,,,,
TFL Cam Cover - White,MJ Woodcraft,CAM-WHITE,Stock,
TFL Cam Cover - Free Spirit,MJ Woodcraft,CAM-FREE_SPIRIT,Stock,
TFL Cam Cover - Sheer Beauty,MJ Woodcraft,CAM-SHEER_BEAUTY,Stock,
TFL Cam Cover - Fashionista,MJ Woodcraft,CAM-FASHIONISTA,Stock,
TFL Cam Cover - First Class,MJ Woodcraft,CAM-FIRST_CLASS,Stock,
TFL Cam Cover - White Chocolate,MJ Woodcraft,CAM-WHITE_CHOCOLATE,Stock,
TFL Cam Cover - Canadian Grey (uses Matte Cam Cover),MJ Woodcraft,CAM-CANADIAN_GREY,Stock,
TFL Cam Cover - Sunset Grey (uses Matte Cam Cover),MJ Woodcraft,CAM-LIGHT_GREY,Stock,
TFL Cam Cover - Black (uses Matte Cam Cover),MJ Woodcraft,CAM-BLACK,Stock,
TFL Cam Cover - Charcoal (uses Matte Cam Cover),MJ Woodcraft,CAM-CHARCOAL,Stock,
TFL Cam Cover - Silverwood,MJ Woodcraft,N/A,Stock,
TFL Cam Cover - Esterel,MJ Woodcraft,CAM-ESTEREL,Stock,
TFL Cam Cover - Cassis,MJ Woodcraft,CAM-CASSIS,Stock,
TFL Cam Cover - Winter Fun,MJ Woodcraft,CAM-WINTER_FUN,Stock,
TFL Cam Cover - Apres Ski,MJ Woodcraft,CAM-APRES_SKI,Stock,
TFL Cam Cover - Super Matte Sunset Grey,MJ Woodcraft,CAM-LIGHT_GREY,Stock,
TFL Cam Cover - Super Matte White,MJ Woodcraft,CAM-PURE_WHITE,Stock,
TFL Cam Cover - Super Matte Canadian Grey,MJ Woodcraft,CAM-CANADIAN_GREY,Stock,
TFL Cam Cover - Chiffon,MJ Woodcraft,CAM-CHIFFON,Stock,
TFL Cam Cover - Pietra,MJ Woodcraft,CAM-PIETRA,Stock,
TFL Cam Cover - Ombre,MJ Woodcraft,CAM-OMBRE,Stock,
TFL Cam Cover - Whisper,MJ Woodcraft,CAM-WHISPER,Stock,
TFL Cam Cover - Rumour,MJ Woodcraft,CAM-RUMOUR,Stock,
TFL Cam Cover - Super Matte Black,MJ Woodcraft,CAM-BLACK,Stock,
TFL Cam Cover - Super Matte Charcoal,MJ Woodcraft,CAM-CHARCOAL,Stock,
TFL Cam Cover - Super Matte Sage,MJ Woodcraft,CAM-SAGE,Stock,
TFL Cam Cover - Super Matte Shipshaw,MJ Woodcraft,CAM-GAUNTLET GREY,Stock,
MATTE CAM COVERS,,,Stock,
Matte Cam Cover - White,MJ Woodcraft,CAM-SATIN_WHITE,Stock,
Matte Cam Cover - Black,MJ Woodcraft,CAM-BLACK,Stock,
Matte Cam Cover - Fume,MJ Woodcraft,CAM-CHARCOAL,Stock,
Matte Cam Cover - New Gray,MJ Woodcraft,CAM-SUEDE_STONE,Stock,
Matte Cam Cover - Magnolia,MJ Woodcraft,CAM-FRESH_LINEN,Stock,
Matte Cam Cover - Blue Notte,MJ Woodcraft,CAM-MERINO BLUE,Stock,
Matte Cam Cover - Arctic Grey,MJ Woodcraft,CAM-LIGHT_GREY,Stock,
Matte Cam Cover - Fog,MJ Woodcraft,CAM-JERSEY_FOG,Stock,
HIGH GLOSS CAM COVERS,,,Stock,
High Gloss Cam Cover - HG White (uses Matte Cam Cover),MJ Woodcraft,CAM-SATIN_WHITE,Stock,
High Gloss Cam Cover - HG Black (uses Matte Cam Cover),MJ Woodcraft,CAM-BLACK,Stock,
High Gloss Cam Cover - HG Fume (uses Matte Cam Cover),MJ Woodcraft,CAM-CHARCOAL,Stock,
High Gloss Cam Cover - HG Magnolia (uses Matte Cam Cover),MJ Woodcraft,CAM-FRESH_LINEN,Stock,
High Gloss Cam Cover - HG Arctic Grey (uses Matte Cam Cover),MJ Woodcraft,CAM-LIGHT_GREY,Stock,
High Gloss Cam Cover - HG Fog (uses Matte Cam Cover),MJ Woodcraft,CAM-JERSEY_FOG,Stock,
TFL SCREW COVERS,,,Stock,
TFL Screw Cover - White,MJ Woodcraft,SCREW-WHITE,Stock,
TFL Screw Cover - Free Spirit,MJ Woodcraft,SCREW-FREE_SPIRIT,Stock,
TFL Screw Cover - Sheer Beauty,MJ Woodcraft,SCREW-SHEER_BEAUTY,Stock,
TFL Screw Cover - Fashionista,MJ Woodcraft,SCREW-FASHIONISTA,Stock,
TFL Screw Cover - First Class,MJ Woodcraft,SCREW-FIRST_CLASS,Stock,
TFL Screw Cover - White Chocolate,MJ Woodcraft,SCREW-WHITE_CHOCOLATE,Stock,
TFL Screw Cover - Canadian Grey (uses Matte Cam Cover),MJ Woodcraft,SCREW-CANADIAN_GREY,Stock,
TFL Screw Cover - Sunset Grey (uses Matte Cam Cover),MJ Woodcraft,SCREW-LIGHT_GREY,Stock,
TFL Screw Cover - Black (uses Matte Cam Cover),MJ Woodcraft,SCREW-BLACK,Stock,
TFL Screw Cover - Charcoal (uses Matte Cam Cover),MJ Woodcraft,SCREW-CHARCOAL,Stock,
TFL Screw Cover - Silverwood,MJ Woodcraft,N/A,Stock,
TFL Screw Cover - Esterel,MJ Woodcraft,SCREW-ESTEREL,Stock,
TFL Screw Cover - Cassis,MJ Woodcraft,SCREW-CASSIS,Stock,
TFL Screw Cover - Winter Fun,MJ Woodcraft,SCREW-WINTER_FUN,Stock,
TFL Screw Cover - Apres Ski,MJ Woodcraft,SCREW-APRES_SKI,Stock,
TFL Screw Cover - Super Matte Sunset Grey,MJ Woodcraft,SCREW-LIGHT_GREY,Stock,
TFL Screw Cover - Super Matte White,MJ Woodcraft,SCREW-PURE_WHITE,Stock,
TFL Screw Cover - Super Matte Canadian Grey,MJ Woodcraft,SCREW-CANADIAN_GREY,Stock,
TFL Screw Cover - Chiffon,MJ Woodcraft,SCREW-CHIFFON,Stock,
TFL Screw Cover - Pietra,MJ Woodcraft,SCREW-PIETRA,Stock,
TFL Screw Cover - Ombre,MJ Woodcraft,SCREW-OMBRE,Stock,
TFL Screw Cover - Whisper,MJ Woodcraft,SCREW-WHISPER,Stock,
TFL Screw Cover - Rumour,MJ Woodcraft,SCREW-RUMOUR,Stock,
TFL Screw Cover - Super Matte Black,MJ Woodcraft,SCREW-BLACK,Stock,
TFL Screw Cover - Super Matte Charcoal,MJ Woodcraft,SCREW-CHARCOAL,Stock,
TFL Screw Cover - Super Matte Sage,MJ Woodcraft,SCREW-SAGE,Stock,
TFL Screw Cover - Super Matte Shipshaw,MJ Woodcraft,SCREW-GAUNTLET GREY,Stock,
MATTE SCREW COVERS,,,Stock,
Matte Screw Cover - White,MJ Woodcraft,SCREW-SATIN_WHITE,Stock,
Matte Screw Cover - Black,MJ Woodcraft,SCREW-BLACK,Stock,
Matte Screw Cover - Fume,MJ Woodcraft,SCREW-CHARCOAL,Stock,
Matte Screw Cover - New Gray,MJ Woodcraft,SCREW-SUEDE_STONE,Stock,
Matte Screw Cover - Magnolia,MJ Woodcraft,SCREW-FRESH_LINEN,Stock,
Matte Screw Cover - Blue Notte,MJ Woodcraft,SCREW-MERINO BLUE,Stock,
Matte Screw Cover - Arctic Grey,MJ Woodcraft,SCREW-LIGHT_GREY,Stock,
Matte Screw Cover - Fog,MJ Woodcraft,SCREW-JERSEY_FOG,Stock,
HIGH GLOSS SCREW COVERS,,,Stock,
High Gloss Screw Cover - HG White (uses Matte Cam Cover),MJ Woodcraft,SCREW-SATIN_WHITE,Stock,
High Gloss Screw Cover - HG Black (uses Matte Cam Cover),MJ Woodcraft,SCREW-BLACK,Stock,
High Gloss Screw Cover - HG Fume (uses Matte Cam Cover),MJ Woodcraft,SCREW-CHARCOAL,Stock,
High Gloss Screw Cover - HG Magnolia (uses Matte Cam Cover),MJ Woodcraft,SCREW-FRESH_LINEN,Stock,
High Gloss Screw Cover - HG Arctic Grey (uses Matte Cam Cover),MJ Woodcraft,SCREW-LIGHT_GREY,Stock,
High Gloss Screw Cover - HG Fog (uses Matte Cam Cover),MJ Woodcraft,SCREW-JERSEY_FOG,Stock,