,,,,,,,,,,,,,,,,,,,,,,,,,,
,,,,,,,Added Fields that are greyed out and ,,,,,,,,,,,,,,,,,,,
CAN/US DESCRIPTION,CAN Supplier,CAD Manu/User CODES,,Notes,,Fields ,calculated for PFC viewing,,Netley Retail,,,,,,,,,,,,,,,,,
,,,,,,,,,,,,,,,,,,,,,,,,,,
HARDWARE,,,,,,,,,,,,,,,,,,,,,,,,,,
HARDWARE - SCREWS/CONNECTORS,,,,,,,,,,,,,,,,,,,,,,,,,,
Adjustable Shelf Pins,Marathon,M-03-2415,,,,Quantity,Cost per piece  x Total Cost,7,,,17,,,25,,,,,,,,,,,,
Shelf Support Glass,Marathon,M-03-2404,,,,Quantity,Cost per piece  x Total Cost,,,,,,,,,,,,,,,,,,,
Flat Screw #6 x 1/2   1 Drive,Marathon,M-R20-1513,,,,Quantity,Cost per piece  x Total Cost,,,,,,,,,,,,,,,,,,,
Flat Screw #8 x 5/8   #2 Drive,Marathon,M-R20-1564,,,,Quantity,Cost per piece  x Total Cost,8,,,,,,,,,,,,,,,,,,
Flat Screw #8 x 3/4   #2 Drive,Marathon,M-R20-7165,,,,Quantity,Cost per piece  x Total Cost,,,,18,,,26,,,,,,,,,,,,
Flat Screw #8 x 1-1/4   #2 Drive,Marathon,M-R20-1765,,,,Quantity,Cost per piece  x Total Cost,,,,,,,,,,,,,,,,,,,
Flat Screw #8 x 2   #2 Drive,Marathon,M-R20-1773,,,,Quantity,Cost per piece  x Total Cost,,,,,,,,,,,,,,,,,,,
Flat Screw #8 x 2-1/2    #2 Drive,Marathon,M-R20-1779,,,,Quantity,Cost per piece  x Total Cost,,,,,,,,,,,,,,,,,,,
Drawer Front Screw Recex #8 x 1-1/4,Marathon,M-R20-3102,,,,Quantity,Cost per piece  x Total Cost,9,,,19,,,,,,,,,,,,,,,
Wafer Screw 3in (Garage Cabinet),Marathon,M-R20-3308,,,,Quantity,Cost per piece  x Total Cost,10,,,,,,27,,,,,,,,,,,,
Conformat Screw 7x50mm Pozi (Garage Cabinet),Marathon,M-06-6516,,,,Quantity,Cost per piece  x Total Cost,11,,,,,,,,,,,,,,,,,,
System Screw Pozi (euro),Marathon,M-06-7000,,,,Quantity,Cost per piece  x Total Cost,12,,,20,,,,,,,,,,,,,,,
"Spacer Drawer slides 1.25"" (White)",Marathon,M-02-9512,,,,Quantity,Cost per piece  x Total Cost,13,,,,,,,,,,,,,,,,,,
8/32 Standard Screw Break-away,Marathon,M-R20-3950,,,,Quantity,Cost per piece  x Total Cost,,,,,,,28,,,,,,,,,,,,
M4 mm Standard Screw Break-away,Hafele,H.022.35.887,,,,Quantity,Cost per piece  x Total Cost,,,,21,,,,,,,,,,,,,,,
Connector Sleeve m4,Hafele,H.267.01.717,,,,Quantity,Cost per piece  x Total Cost,14,,,,,,,,,,,,,,,,,,
Metric Screw M4 x 10 (Connector Sleeve),Hafele,H.022.35.109,,,,Quantity,Cost per piece  x Total Cost,,,,,,,,,,,,,,,,,,,
System Bolt Single,Hafele,H.263.20.985,,,,Quantity,Cost per piece  x Total Cost,,,,22,,,29,,,,,,,,,,,,
System 1 Bolt  Double,Hafele,H.263.24.972,,,,Quantity,Cost per piece  x Total Cost,15,,,,,,,,,,,,,,,,,,
System 2 piece Double,Hafele,H.263.24.943,,,,Quantity,Cost per piece  x Total Cost,,,,,,,,,,,,,,,,,,,
Fixed Rafix Cams - White,Hafele,H.263.50.705,,,,Quantity,Cost per piece  x Total Cost,,,,23,,,,,,,,,,,,,,,
Fixed Rafix Cams - Black,Hafele,H.263.50.305,,,,Quantity,Cost per piece  x Total Cost,,,,,,,30,,,,,,,,,,,,
Fixed Rafix Cams - Brown,Hafele,H.263.50.105,,,,Quantity,Cost per piece  x Total Cost,16,,,,,,,,,,,,,,,,,,
Fixed Rafix Cams - Beige,Hafele,H.263.50.405,,,,Quantity,Cost per piece  x Total Cost,,,,24,,,,,,,,,,,,,,,
Glued Dowels 8x30mm ,Hafele,H.267.84.230,,,,Quantity,Cost per piece  x Total Cost,,,,,,,,,,,,,,,,,,,
Corner Bracket - White,Richelieu,R-B1655WH,,,,Quantity,Cost per piece  x Total Cost,,,,,,,,,,,,,,,,,,,
Corner Bracket - Black,Richelieu,R-B1655BLK,,,,Quantity,Cost per piece  x Total Cost,,"32,33,34,35",,,,,,,,,,,,,,,,,
Corner Bracket - Brown,Richelieu,R-B1655BRN,,,,Quantity,Cost per piece  x Total Cost,,,,,,,37,,,,,,,,,,,,
Corner Bracket - Almond,Richelieu,R-B1655ALM,,,,Quantity,Cost per piece  x Total Cost,,,,,,,,,,,,,,,,,,,
Corner Bracket - Steel,Richelieu,R-5282G,,,,Quantity,Cost per piece  x Total Cost,,36.00,,,,,,,,,,,,,,,,,
Door Stop (for Inset Doors),Hafele,H.251.79.602,,,,Quantity,Cost per piece  x Total Cost,,,,,,,,,,,,,,,,,,,
Snap-Toggle with Bolts,Richelieu,R-TGST316212VDC1,,,,Quantity,Cost per piece  x Total Cost,,,,,,,,,,,,,,,,,,,
,,,,,,,,,,,,,,,,,,,,,,,,,,
HANGING RAILS & HARDWARE,,,,,,,,,,,,,,,,,,,,,,,,,,
HANGING RAIL,,,,,,,,,,,,,,,,,,,,,,,,,,
Hanging Rail (Custom Lengths),Hafele,H.290.11.901.CTS,,,,Quantity x Length,Total costs per cut x Cost per piece/inch x Total Cost,,,,,,,,,,,,,,,,,,,
Hanging Rail (Custom Lengths),Hafele,H.290.11.907.CTS,,Add $3.00 Cut Charge for every Quantity,,,,,,,,,,,,,,,,,,,,,,
Hanging Rail 8ft  ,Hafele,H.290.11.901,,,,Quantity,Cost per piece/inch x Total Cost,,,,,,,,,,,,,,,,,,,
Hanging Rail 8ft,Hafele,H.290.11.907,,Add $3.00 Cut Charge for every Quantity,,,,,,,,,,,,,,,,,,,,,,
,,,,,,,,,,,,,,,,,,,,,,,,,,
HANGING RAIL COVER,,,,,,,,,,,,,,,,,,,,,,,,,,
Hanging Rail Cover White (Custom Lengths),Hafele,H.290.12.781.CTS,,,,Quantity x Length,Total costs per cut x Cost per piece/inch x Total Cost,,,,,,,,,,,,,,,,,,,
Hanging Rail Cover White (Custom Lengths) (NEW),Hafele,H.290.12.790.CTS,,Add $3.00 Cut Charge for every Quantity,,,,,,,,,,,,,,,,,,,,,,
Hanging Rail Cover Black (Custom Lengths),Hafele,H.290.12.380.CTS,,,,Quantity x Length,Total costs per cut x Cost per piece/inch x Total Cost,,,,,,,,,,,,,,,,,,,
Hanging Rail Cover Black (Custom Lengths) (NEW),Hafele,H.290.12.390.CTS,,Add $3.00 Cut Charge for every Quantity,,,,,,,,,,,,,,,,,,,,,,
Hanging Rail Cover Brown (Custom Lengths),Hafele,H.290.12.180.CTS,,,,Quantity x Length,Total costs per cut x Cost per piece/inch x Total Cost,,,,,,,,,,,,,,,,,,,
Hanging Rail Cover Brown (Custom Lengths) (NEW),Hafele,H.290.12.190.CTS,,Add $3.00 Cut Charge for every Quantity,,,,,,,,,,,,,,,,,,,,,,
Hanging Rail Cover Beige (Custom Lengths),Hafele,H.290.12.481.CTS,,,,Quantity x Length,Total costs per cut x Cost per piece/inch x Total Cost,,,,,,,,,,,,,,,,,,,
Hanging Rail Cover Beige (Custom Lengths) (NEW),Hafele,H.290.12.490.CTS,,Add $3.00 Cut Charge for every Quantity,,,,,,,,,,,,,,,,,,,,,,
Hanging Rail Cover White 8ft,Hafele,H.290.12.781,,,,Quantity,Cost per piece/inch x Total Cost,,,,,,,,,,,,,,,,,,,
Hanging Rail Cover White 8ft (NEW),Hafele,H.290.12.790,,Add $3.00 Cut Charge for every Quantity,,,,,,,,,,,,,,,,,,,,,,
Hanging Rail Cover Black 8ft,Hafele,H.290.12.380,,,,Quantity,Cost per piece/inch x Total Cost,,,,,,,,,,,,,,,,,,,
Hanging Rail Cover Black 8ft (NEW),Hafele,H.290.12.390,,Add $3.00 Cut Charge for every Quantity,,,,,,,,,,,,,,,,,,,,,,
Hanging Rail Cover Brown 8ft,Hafele,H.290.12.180,,,,Quantity,Cost per piece/inch x Total Cost,,,,,,,,,,,,,,,,,,,
Hanging Rail Cover Brown 8ft (NEW),Hafele,H.290.12.190,,Add $3.00 Cut Charge for every Quantity,,,,,,,,,,,,,,,,,,,,,,
Hanging Rail Cover Beige 8ft,Hafele,H.290.12.481,,,,Quantity,Cost per piece/inch x Total Cost,,,,,,,,,,,,,,,,,,,
Hanging Rail Cover Beige 8ft (NEW),Hafele,H.290.12.490,,Add $3.00 Cut Charge for every Quantity,,,,,,,,,,,,,,,,,,,,,,
,,,,,,,,,,,,,,,,,,,,,,,,,,
HANGING HARDWARE,,,,,,,,49,,50,,,,,,,,,,,,,,,,
Hanging Hardware Left,Hafele,H.290.02.715,,,,Quantity,Cost per piece/inch x Total Cost,,,,,,,,,,,,,,,,,,,
Hanging Hardware Right,Hafele,H.290.02.714,,,,Quantity,Cost per piece/inch x Total Cost,,,,,,,,,,,,,,,,,,,
,,,,,,,,,,,,,,,,,,,,,,,,,,
HANGING HARDWARE COVER,,,,,,,,,,,,,,,,,,,,,,,,,,
Hanging Hardware Cover Left White,Hafele,H.290.06.020,,,,Quantity,Cost per piece/inch x Total Cost,,,,,,,,,,,,,,,,,,,
Hanging Hardware Cover Left Black,Hafele,H.290.06.022,,,,Quantity,Cost per piece/inch x Total Cost,"53,54,55,56",,,,"57.58,59,60",,,,,,,,,,,,,,
Hanging Hardware Cover Left Brown,Hafele,H.290.06.025,,,,Quantity,Cost per piece/inch x Total Cost,,,,,,,,,,,,,,,,,,,
Hanging Hardware Cover Left Beige,Hafele,H.290.06.033,,,,Quantity,Cost per piece/inch x Total Cost,,,,,,,,,,,,,,,,,,,
Hanging Hardware Cover Right White,Hafele,H.290.06.040,,,,Quantity,Cost per piece/inch x Total Cost,,,,,,,,,,,,,,,,,,,
Hanging Hardware Cover Right Black,Hafele,H.290.06.042,,,,Quantity,Cost per piece/inch x Total Cost,,,,,,,,,,,,,,,,,,,
Hanging Hardware Cover Right Brown,Hafele,H.290.06.045,,,,Quantity,Cost per piece/inch x Total Cost,,,,,,,,,,,,,,,,,,,
Hanging Hardware Cover Right Beige,Hafele,H.290.06.053,,,,Quantity,Cost per piece/inch x Total Cost,,,,,,,,,,,,,,,,,,,
,,,,,,,,,,,,,,,,,,,,,,,,,,
HINGES,,,,,,,,,,,,,,,,,,,,,,,,,,
Soft Close Hinges  ,,,,,,,,64,,65,,,,,,,,,,,,,,,,
Soft Close Hinge105' HalfOverlay (Closets),Marathon,M-105-C80B675F,,,,Quantity,Cost per piece/inch x Total Cost,,,,,,,,,,,,,,,,,,,
Soft Close Hinge110' Inset (Closets),Marathon,M-105-C80C675F,,,,,,,,,,,,,,,,,,,,,,,,
Softclose Plate 0mm (Closets & Garages),Marathon,M-105-89T02TQ,,,,Quantity,Cost per piece/inch x Total Cost,,,,,,,,,,,,,,,,,,,
,,,,,,,,,,,,,,,,,,,,,,,,,,
Push to Open Hinges,,,,,,,,68,,,69,,,70,,,Inset,,,,,,,,,
Push Open Hinge Salice 110' (Closets),Hafele,H.329.17.802,,,,Quantity,Cost per piece/inch x Total Cost,,,,,,,,,,,,,,,,,,,
Push Open Hinge Salice 110' Inset (Closets),Hafele,H.329.17.803,,,,Quantity,Cost per piece/inch x Total Cost,,,,,,,,,,,,,,,,,,,
Push Open Plate Salice omm (Closets),Hafele,H.329.71.530,,,,Quantity,Cost per piece/inch x Total Cost,,,,,,,,,,,,,,,,,,,
Push Open Cylinder/Mount/Plate,Hafele,H.245.61.730,,,,Quantity,Cost per piece/inch x Total Cost,,,,,,,,,,,,,,,,,,,
,,,,,,,,,,,,,,,,,,,,,,,,,,
Reg. Hinges,,,,,,,,,,,,,,,,,,,,,,,,,,
Soft Close Hinge 110' Full Overlay (Garage),Marathon,M-105-C80A675F,,,,Quantity,Cost per piece/inch x Total Cost,,,,,,,,,,,,,,,,,,,
,,,,,,,,,,,,,,,,,,,,,,,,,,
45' Hinges,,,,,,,,,,,,,,,,,,,,,,,,,,
45' Hinge Softclose (Corner Units),Marathon,M-105-C80E675NF ,,,,Quantity,Cost per piece/inch x Total Cost,,,,,,,,,,,,,,,,,,,
,,,,,,,,,,,,,,,,,,,,,,,,,,
LiftStay Hinges,,,,,,,,79,,,80,,81,,,,,,,,,,,,,
LiftStay Soft Close Hinge 107' Qty1 (H=9-15 W=22-49),Marathon,M-105-SQ02AL,,,,Quantity,Cost per piece/inch x Total Cost,,,,,,,,,,,,,,,,,,,
LiftStay Push-to-Open Hinge 107' Qty1 (H=9-15 W=22-49)                ,Marathon,M-105-SQ0P2-AL,,,,Quantity,Cost per piece/inch x Total Cost,,,,,,,,,,,,,,,,,,,
Liftstay Limiter 75' Qty 1,Marathon,M-105-SQW75,,,,Quantity,Cost per piece/inch x Total Cost,,,,,,,,,,,,,,,,,,,
Liftstay Cover - White Qty 1,Marathon,M-105-SQJS-W,,,,Quantity,Cost per piece/inch x Total Cost,,,,,,,,,,,,,,,,,,,
Swing-Up Liftstay (new item),Hafele,H.372.27.701,,,,,,,,,,,,,,,,,,,,,,,,
SLIDES,,,,,,,,,,,,,,,,,,,,,,,,,,
UNDERMOUNT SLIDES,,,,,,,,,,,,,,,,,,,,,,,,,,
"Undermount Soft-Close Slide 300mm 12"" ",Marathon,M-105-DS10300H,,,,Quantity,Cost per piece/inch x Total Cost,,,,,,,,,,,,,,,,,,,
"Undermount Soft-Close Slide 350mm 14"" ",Marathon,M-105-DS10350H,,,,Quantity,Cost per piece/inch x Total Cost,,,,,,,,,,,,,,,,,,,
"Undermount Soft-Close Slide 400mm 16"" ",Marathon,M-105-DS10400H,,,,Quantity,Cost per piece/inch x Total Cost,,,,,,,,,,,,,,,,,,,
"Undermount Soft-Close Slide 450mm 18"" ",Marathon,M-105-DS10450H,,,,Quantity,Cost per piece/inch x Total Cost,,,,,,,,,,,,,,,,,,,
"Undermount Soft-Close Slide 550mm 22"" ",Marathon,M-105-DS10550H,,,,Quantity,Cost per piece/inch x Total Cost,,,,,,,,,,,,,,,,,,,
,,,,,,,,,,,,,,,,,,,,,,,,,,
PUSH TO OPEN SLIDES,,,,,,,,,,,,,,,,,,,,,,,,,,
"Push to Open Soft-Close Slide 300mm 12""",Marathon,M-105-DF10-300H,,,,Quantity,Cost per piece/inch x Total Cost,,,,,,,,,,,,,,,,,,,
"Push to Open Soft-Close Slide 350mm 14""",Marathon,M-105-DF10-350H,,,,Quantity,Cost per piece/inch x Total Cost,,,,,,,,,,,,,,,,,,,
"Push to Open Soft-Close Slide 400mm 16""",Marathon,M-105-DF10-400H,,,,Quantity,Cost per piece/inch x Total Cost,,,,,,,,,,,,,,,,,,,
"Push to Open Soft-Close Slide 450mm 18""",Marathon,M-105-DF10-450H,,,,Quantity,Cost per piece/inch x Total Cost,,,,,,,,,,,,,,,,,,,
"Push to Open Soft-Close Slide 550mm 22""",Marathon,M-105-DF10-550H,,,,Quantity,Cost per piece/inch x Total Cost,,,,,,,,,,,,,,,,,,,
Synch Rod for Push to Open Slide,Marathon,M-105-HT0FH02,,,,Quantity,Cost per piece/inch x Total Cost,,,,,,,,,,,,,,,,,,,
,,,,,,,,,,,,,,,,,,,,,,,,,,
SIDE MOUNT SLIDES,,,,,,,,,,,,,,,,,,,,,,,,,,
"Side Mount Softclose 12""",Marathon,M-372-NJ35D65-12,,,,Quantity,Cost per piece/inch x Total Cost,,,,,,,,,,,,,,,,,,,
"Side Mount Softclose 14""",Marathon,M-372-NJ35D65-14,,,,Quantity,Cost per piece/inch x Total Cost,,,,,,,,,,,,,,,,,,,
"Side Mount Softclose 16""",Marathon,M-372-NJ35D65-16,,,,Quantity,Cost per piece/inch x Total Cost,,,,,,,,,,,,,,,,,,,
"Side Mount Softclose 18""",Marathon,M-372-NJ35D65-18,,,,Quantity,Cost per piece/inch x Total Cost,,,,,,,,,,,,,,,,,,,
"Side Mount Softclose 22""",Marathon,M-372-NJ35D65-22,,,,Quantity,Cost per piece/inch x Total Cost,,,,,,,,,,,,,,,,,,,
,,,,,,,,,,,,,,,,,,,,,,,,,,
Floating Shelf Hardware,,,,,,,,,,,,,,,,,,,,,,,,,,
FLOATING SHELF HARDWARE,,,,,,,,106,,107.00,,,,108 109,,,,,,,,,,,,
Floating Shelf Hardware Kit - Comes as Qty 2,Richelieu,S.BP1622G,,,,Quantity,Cost per piece/inch x Total Cost,,,,,,,,,,,,,,,,,,,
Floating Shelf Concealed Bracket - Qty 1,Richelieu,S.1621512G,,,,Quantity,Cost per piece/inch x Total Cost,,,,,,,,,,,,,,,,,,,
Floating Shelf Rail - (Custom Length),Richelieu,S.1622410.CTS,,Add $3.00 Cut Charge for every Quantity,,Quantity x Length,Total costs per cut x Cost per piece/inch x Total Cost,,,,,,,,,,,,,,,,,,,
Floating Shelf Rail -  8ft,Richelieu,S.1622410,,,,Quantity,Cost per piece/inch x Total Cost,,,,,,,,,,,,,,,,,,,
,,,,,,,,,,,,,,,,,,,,,,,,,,
CLOSET RODS,,,,,,,,,,,,,,,,,,,,,,,,,,
CLOSET ROD,,,,,,,,,,,,,,,,,,,,,,,,,,
Closet Oval Rod Chrome (Custom Lengths),Hafele,H.801.13.201.CTS,,Add $3.00 Cut Charge for every Quantity,,Quantity x Length,Total costs per cut x Cost per piece/inch x Total Cost,"113, 120",,,,,,all others,,,,,,,,,,,,
Closet Round Rod Chrome (Custom Lengths),Hafele,H.801.42.240.CTS,,,,Quantity x Length,Total costs per cut x Cost per piece/inch x Total Cost,,,,,,,,,,,,,,,,,,,
Closet Round Rod Chrome (Custom Lengths) (NEW),Hafele,CAN MFG,,Add $3.00 Cut Charge for every Quantity,,,,,,,,,,,,,,,,,,,,,,
Closet Round Rod Aluminum (Custom Lengths),Hafele,H.801.42.440.CTS,,,,Quantity x Length,Total costs per cut x Cost per piece/inch x Total Cost,,,,,,,,,,,,,,,,,,,
Closet Round Rod Aluminum (Custom Lengths) (NEW),Hafele,H.801.42.441.CTS,,Add $3.00 Cut Charge for every Quantity,,,,,,,,,,,,,,,,,,,,,,
Closet Round Rod Black (Custom Lengths),Hafele,H.801.43.340.CTS,,,,Quantity x Length,Total costs per cut x Cost per piece/inch x Total Cost,,,,,,,,,,,,,,,,,,,
Closet Round Rod Black (Custom Lengths) (NEW),Hafele,H.801.43.341.CTS,,Add $3.00 Cut Charge for every Quantity,,,,,,,,,,,,,,,,,,,,,,
Closet Round Rod Matt Gold (Custom Lengths),Hafele,H.801.42.040.CTS,,,,Quantity x Length,Total costs per cut x Cost per piece/inch x Total Cost,,,,,,,,,,,,,,,,,,,
Closet Round Rod Matt Gold (Custom Lengths) (NEW),Hafele,H.801.42.041.CTS,,Add $3.00 Cut Charge for every Quantity,,,,,,,,,,,,,,,,,,,,,,
Closet Round Rod Slate (Custom Lengths),Hafele,H.801.42.340.CTS,,,,Quantity x Length,Total costs per cut x Cost per piece/inch x Total Cost,,,,,,,,,,,,,,,,,,,
Closet Round Rod Slate (Custom Lengths) (NEW),Hafele,H.801.42.341.CTS,,Add $3.00 Cut Charge for every Quantity,,,,,,,,,,,,,,,,,,,,,,
Oval Rod Chrome 8ft ,Hafele,H.801.13.201,,,,Quantity,Cost per piece/inch x Total Cost,,,,,,,,,,,,,,,,,,,
Round Rod Chrome 8ft,Hafele,H.801.42.240,,,,Quantity,Cost per piece/inch x Total Cost,,,,,,,,,,,,,,,,,,,
"Round Rod Chrome 92"" (NEW)",Hafele,H.801.42.241,,,,,,,,,,,,,,,,,,,,,,,,
Round Rod Matt-Aluminum 8ft,Hafele,H.801.42.440,,,,Quantity,Cost per piece/inch x Total Cost,,,,,,,,,,,,,,,,,,,
"Round Rod Matt-Aluminum 92"" (NEW)",Hafele,H.801.42.441,,,,,,,,,,,,,,,,,,,,,,,,
Round Rod Black 8ft ,Hafele,H.801.43.340,,,,Quantity,Cost per piece/inch x Total Cost,,,,,,,,,,,,,,,,,,,
"Round Rod Black 92"" (NEW)",Hafele,H.801.43.341,,,,,,,,,,,,,,,,,,,,,,,,
Round Rod Matt Gold 8ft,Hafele,H.801.42.040,,,,Quantity,Cost per piece/inch x Total Cost,,,,,,,,,,,,,,,,,,,
"Round Rod Matt Gold 92"" (NEW)",Hafele,H.801.42.041,,,,,,,,,,,,,,,,,,,,,,,,
Round Rod Slate 8ft,Hafele,H.801.42.340,,,,Quantity,Cost per piece/inch x Total Cost,,,,,,,,,,,,,,,,,,,
"Round Rod Slate 92"" (NEW)",Hafele,H.801.42.341,,,,,,,,,,,,,,,,,,,,,,,,
,,,,,,,,,,,,,,,,,,,,,,,,,,
LIGHTED CLOSET RODS,,,,,,,,,,,,,,,,,,,,,,,,,,
Lighted Oval Closet Rod Matt-Aluminum (Custom Lengths),Hafele,H.833.72.790.CTS,,Add $3.00 Cut Charge for every Quantity,,Quantity x Length,Total costs per cut x Cost per piece/inch x Total Cost,"129, 136",,,,,,all others,,,,,,,,,,,,
Lighted Closet Round Rod Chrome (Custom Lengths),Hafele,H.830.28.720.CTS,,Add $3.00 Cut Charge for every Quantity,,Quantity x Length,Total costs per cut x Cost per piece/inch x Total Cost,,,,,,,,,,,,,,,,,,,
Lighted Closet Round Rod Matt-Aluminum (Custom Lengths),Hafele,H.830.28.700.CTS,,Add $3.00 Cut Charge for every Quantity,,Quantity x Length,Total costs per cut x Cost per piece/inch x Total Cost,,,,,,,,,,,,,,,,,,,
Lighted Closet Round Rod Matt Nickle (Custom Lengths),Hafele,H.830.28.710.CTS,,Add $3.00 Cut Charge for every Quantity,,Quantity x Length,Total costs per cut x Cost per piece/inch x Total Cost,,,,,,,,,,,,,,,,,,,
Lighted Closet Round Rod Black (Custom Lengths),Hafele,H.830.28.820.CTS,,Add $3.00 Cut Charge for every Quantity,,Quantity x Length,Total costs per cut x Cost per piece/inch x Total Cost,,,,,,,,,,,,,,,,,,,
Lighted Closet Round Rod Matt Gold (Custom Lengths) ,Hafele,H.830.28.790.CTS,,Add $3.00 Cut Charge for every Quantity,,Quantity x Length,Total costs per cut x Cost per piece/inch x Total Cost,,,,,,,,,,,,,,,,,,,
Lighted Closet Round Rod Slate (Custom Lengths),Hafele,H.830.28.800.CTS,,Add $3.00 Cut Charge for every Quantity,,Quantity x Length,Total costs per cut x Cost per piece/inch x Total Cost,,,,,,,,,,,,,,,,,,,
Lighted Oval Rod Matt-Aluminum 8ft,Hafele,H.833.72.790,,,,Quantity,Cost per piece/inch x Total Cost,,,,,,,,,,,,,,,,,,,
Lighted Round Rod Chrome 8ft ,Hafele,H.830.28.720,,,,Quantity,Cost per piece/inch x Total Cost,Translucent Cover picture,,,,,,,,,,,,,,,,,,
Lighted Round Rod Matt-Aluminum 8ft ,Hafele,H.830.28.700,,,,Quantity,Cost per piece/inch x Total Cost,,,,,,,,,,,,,,,,,,,
Lighted Round Rod Black 8ft,Hafele,H.830.28.820,,,,Quantity,Cost per piece/inch x Total Cost,,,,,,,,,,,,,,,,,,,
Lighted Round Rod Matt Gold 8ft,Hafele,H.830.28.790,,,,Quantity,Cost per piece/inch x Total Cost,,,,,,,,,,,,,,,,,,,
Lighted Round Rod Slate 8ft,Hafele,H.830.28.800,,,,Quantity,Cost per piece/inch x Total Cost,,,,,,,,,,,,,,,,,,,
,,,,,,,,,,,,,,,,,,,,,,,,,,
,,,,,,,,,,,,,,,,,,,,,,,,,,
,,,,,,,,,,,,,,,,,,,,,,,,,,
TRANSLUCENT COVER,,,,,,,,,,,,,,,,,,,,,,,,,,
Translucent Cover (Custom Lengths),Hafele,H.833.74.781.CTS,,,,,NOTE: no extra cut costs for this,,,,,,,,,,,,,,,,,,,
Translucent Cover 8ft,Hafele,H.833.74.781,,,,,Cost per piece/inch x Total Cost,,,,,,,,,,,,,,,,,,,
,,,,,,,,,,,,,,,,,,,,,,,,,,
CLOSET ROD HOLDERS,,,,,,,,,,,,,,,,,,,,,,,,,,
Closet Oval Rod Holder Chrome,Marathon,M-04-5311,,,,Quantity,Cost per piece/inch x Total Cost,145,,all others,,,,,,,,,,,,,,,,
Closet Round Holder Chrome,Hafele,H.803.39.210,,,,Quantity,Cost per piece/inch x Total Cost,,,,,,,,,,,,,,,,,,,
Closet Round Holder Matt-Aluminum,Hafele,H.803.39.410,,,,Quantity,Cost per piece/inch x Total Cost,,,,,,,,,,,,,,,,,,,
Closet Round Holder Black,Hafele,H.803.64.410,,,,Quantity,Cost per piece/inch x Total Cost,,,,,,,,,,,,,,,,,,,
Closet Round Holder Matt Gold,Hafele,H.803.39.910,,,,Quantity,Cost per piece/inch x Total Cost,,,,,,,,,,,,,,,,,,,
Closet Round Holder Slate,Hafele,H.803.39.710,,,,Quantity,Cost per piece/inch x Total Cost,,,,,,,,,,,,,,,,,,,
,,,,,,Quantity,Cost per piece/inch x Total Cost,,,,,,,,,,,,,,,,,,,
CLOSET ACCESSORIES,,,,,,,,,,,,,,,,,,,,,,,,,,
SCARF RACKS,,,,,,,,,,,,,,,,,,,,,,,,,,
"Scarf Rack 14"" Chrome",Hafele,H.807.67.223,,,,Quantity,Cost per piece/inch x Total Cost,,,,,,,,,,,,,,,,,,,
"Scarf Rack 14"" Matt-Aluminum",Hafele,H.807.67.423,,,,Quantity,Cost per piece/inch x Total Cost,,,,,,,,,,,,,,,,,,,
"Scarf Rack 14"" Black",Hafele,H.807.67.523,,,,Quantity,Cost per piece/inch x Total Cost,,,,,,,,,,,,,,,,,,,
"Scarf Rack 14"" Matt Gold",Hafele,H.807.67.923,,,,Quantity,Cost per piece/inch x Total Cost,,,,,,,,,,,,,,,,,,,
"Scarf Rack 14"" Slate",Hafele,H.807.67.323,,,,Quantity,Cost per piece/inch x Total Cost,,,,,,,,,,,,,,,,,,,
,,,,,,,,,,,,,,,,,,,,,,,,,,
VALET RODS,,,,,,,,,,,,,,,,,,,,,,,,,,
"Valet Rod 14"" Chrome",Hafele,H.808.71.203,,,,Quantity,Cost per piece/inch x Total Cost,,,,,,,,,,,,,,,,,,,
"Valet Rod 14"" Matt-Aluminum",Hafele,H.808.71.403,,,,Quantity,Cost per piece/inch x Total Cost,,,,,,,,,,,,,,,,,,,
"Valet Rod 14"" Black",Hafele,H.808.71.503,,,,Quantity,Cost per piece/inch x Total Cost,,,,,,,,,,,,,,,,,,,
"Valet Rod 14"" Matt Gold",Hafele,H.808.71.003,,,,Quantity,Cost per piece/inch x Total Cost,,,,,,,,,,,,,,,,,,,
"Valet Rod 14"" Slate",Hafele,H.808.71.303,,,,Quantity,Cost per piece/inch x Total Cost,,,,,,,,,,,,,,,,,,,
,,,,,,,,,,,,,,,,,,,,,,,,,,
TIE RACKS,,,,,,,,,,,,,,,,,,,,,,,,,,
"Tie Rack 14"" Chrome",Hafele,H.807.67.203,,,,Quantity,Cost per piece/inch x Total Cost,,,,,,,,,,,,,,,,,,,
"Tie Rack 14"" Matt-Aluminum",Hafele,H.807.67.403,,,,Quantity,Cost per piece/inch x Total Cost,,,,,,,,,,,,,,,,,,,
"Tie Rack 14"" Black",Hafele,H.807.67.503,,,,Quantity,Cost per piece/inch x Total Cost,,,,,,,,,,,,,,,,,,,
"Tie Rack 14"" Matt Gold",Hafele,H.807.67.904,,,,Quantity,Cost per piece/inch x Total Cost,,,,,,,,,,,,,,,,,,,
"Tie Rack 14"" Slate",Hafele,H.807.67.303,,,,Quantity,Cost per piece/inch x Total Cost,,,,,,,,,,,,,,,,,,,
,,,,,,,,,,,,,,,,,,,,,,,,,,
BELT RACKS,,,,,,,,,,,,,,,,,,,,,,,,,,
"Belt Rack 14"" Chrome",Hafele,H.807.67.213,,,,Quantity,Cost per piece/inch x Total Cost,,,,,,,,,,,,,,,,,,,
"Belt Rack 14"" Matt-Aluminum",Hafele,H.807.67.413,,,,Quantity,Cost per piece/inch x Total Cost,,,,,,,,,,,,,,,,,,,
"Belt Rack 14"" Black",Hafele,H.807.67.513,,,,Quantity,Cost per piece/inch x Total Cost,,,,,,,,,,,,,,,,,,,
"Belt Rack 14"" Matt Gold",Hafele,H.807.67.913,,,,Quantity,Cost per piece/inch x Total Cost,,,,,,,,,,,,,,,,,,,
"Belt Rack 14"" Slate",Hafele,H.807.67.313,,,,Quantity,Cost per piece/inch x Total Cost,,,,,,,,,,,,,,,,,,,
,,,,,,,,,,,,,,,,,,,,,,,,,,
SHOE FENCES,,,,,,,,,,,,,,,,,,,,,,,,,,
"Shoe Fence 11"" Chrome ",Hafele,H.547.52.221,,,,Quantity,Cost per piece/inch x Total Cost,,,,,,,,,,,,,,,,,,,
"Shoe Fence 11"" Matt-Aluminum",Hafele,H.547.52.421,,,,Quantity,Cost per piece/inch x Total Cost,,,,,,,,,,,,,,,,,,,
"Shoe Fence 11"" Black",Hafele,H.547.52.521,,,,Quantity,Cost per piece/inch x Total Cost,,,,,,,,,,,,,,,,,,,
"Shoe Fence 11"" Matt Gold",Hafele,H.547.52.921 ,,,,Quantity,Cost per piece/inch x Total Cost,,,,,,,,,,,,,,,,,,,
"Shoe Fence 11"" Slate",Hafele,H.547.52.321,,,,Quantity,Cost per piece/inch x Total Cost,,,,,,,,,,,,,,,,,,,
"Shoe Fence 17"" Chrome",Hafele,H.547.52.222,,,,Quantity,Cost per piece/inch x Total Cost,,,,,,,,,,,,,,,,,,,
"Shoe Fence 17"" Matt-Aluminum",Hafele,H.547.52.422,,,,Quantity,Cost per piece/inch x Total Cost,,,,,,,,,,,,,,,,,,,
"Shoe Fence 17"" Black",Hafele,H.547.52.522,,,,Quantity,Cost per piece/inch x Total Cost,,,,,,,,,,,,,,,,,,,
"Shoe Fence 17"" Matt Gold",Hafele,H.547.52.922,,,,Quantity,Cost per piece/inch x Total Cost,,,,,,,,,,,,,,,,,,,
"Shoe Fence 17"" Slate",Hafele,H.547.52.322,,,,Quantity,Cost per piece/inch x Total Cost,,,,,,,,,,,,,,,,,,,
"Shoe Fence 23"" Chrome",Hafele,H.547.52.223,,,,Quantity,Cost per piece/inch x Total Cost,,,,,,,,,,,,,,,,,,,
"Shoe Fence 23"" Matt-Aluminum",Hafele,H.547.52.423,,,,Quantity,Cost per piece/inch x Total Cost,,,,,,,,,,,,,,,,,,,
"Shoe Fence 23"" Black",Hafele,H.547.52.523,,,,Quantity,Cost per piece/inch x Total Cost,,,,,,,,,,,,,,,,,,,
"Shoe Fence 23"" Matt Gold ",Hafele,H.547.52.923 ,,,,Quantity,Cost per piece/inch x Total Cost,,,,,,,,,,,,,,,,,,,
"Shoe Fence 23"" Slate",Hafele,H.547.52.323,,,,Quantity,Cost per piece/inch x Total Cost,,,,,,,,,,,,,,,,,,,
"Shoe Fence 29"" Chrome",Hafele,H.547.52.224,,,,Quantity,Cost per piece/inch x Total Cost,,,,,,,,,,,,,,,,,,,
"Shoe Fence 29"" Matt-Aluminum",Hafele,H.547.52.424,,,,Quantity,Cost per piece/inch x Total Cost,,,,,,,,,,,,,,,,,,,
"Shoe Fence 29"" Black",Hafele,H.547.52.524,,,,Quantity,Cost per piece/inch x Total Cost,,,,,,,,,,,,,,,,,,,
"Shoe Fence 29"" Matt Gold",Hafele,H.547.52.924,,,,Quantity,Cost per piece/inch x Total Cost,,,,,,,,,,,,,,,,,,,
"Shoe Fence 29"" Slate",Hafele,H.547.52.324,,,,Quantity,Cost per piece/inch x Total Cost,,,,,,,,,,,,,,,,,,,
"Shoe Fence 35"" Chrome",Hafele,H.547.52.226,,,,Quantity,Cost per piece/inch x Total Cost,,,,,,,,,,,,,,,,,,,
"Shoe Fence 35"" Matt-Aluminum",Hafele,H.547.52.426,,,,Quantity,Cost per piece/inch x Total Cost,,,,,,,,,,,,,,,,,,,
"Shoe Fence 35"" Black",Hafele,H.547.52.526,,,,Quantity,Cost per piece/inch x Total Cost,,,,,,,,,,,,,,,,,,,
"Shoe Fence 35"" Matt Gold",Hafele,H.547.52.926,,,,Quantity,Cost per piece/inch x Total Cost,,,,,,,,,,,,,,,,,,,
"Shoe Fence 35"" Slate",Hafele,H.547.52.326,,,,Quantity,Cost per piece/inch x Total Cost,,,,,,,,,,,,,,,,,,,
,,,,,,,,,,,,,,,,,,,,,,,,,,
PULL-OUT MIRROR,,,,,,,,,,,,,,,,,,,,,,,,,,
"Pullout Mirror 48""H  Matt-Aluminum",Hafele,H.805.73.022,,,,Quantity,Cost per piece/inch x Total Cost,,,,,,,,,,,,,,,,,,,
"Pullout Mirror 48""H Black",Hafele,H.805.73.422,,,,Quantity,Cost per piece/inch x Total Cost,,,,,,,,,,,,,,,,,,,
"Pullout Mirror 48""H Matt Gold",Hafele,H.805.73.922,,,,Quantity,Cost per piece/inch x Total Cost,,,,,,,,,,,,,,,,,,,
"Pullout Mirror 48""H Slate",Hafele,H.805.73.322,,,,Quantity,Cost per piece/inch x Total Cost,,,,,,,,,,,,,,,,,,,
,,,,,,,,,,,,,,,,,,,,,,,,,,
PANT RACKS,,,,,,,,,,,,,,,,,,,,,,,,,,
"Pant Rack 18"" Chrome",Hafele,H.805.58.231,,,,Quantity,Cost per piece/inch x Total Cost,,,,,,,,,,,,,,,,,,,
"Pant Rack 18"" Matt-Aluminum",Hafele,H.805.58.931,,,,Quantity,Cost per piece/inch x Total Cost,,,,,,,,,,,,,,,,,,,
"Pant Rack 18"" Black",Hafele,H.805.58.431,,,,Quantity,Cost per piece/inch x Total Cost,,,,,,,,,,,,,,,,,,,
"Pant Rack 24"" Chrome",Hafele,H.805.58.233,,,,Quantity,Cost per piece/inch x Total Cost,,,,,,,,,,,,,,,,,,,
"Pant Rack 24"" Matt-Aluminum",Hafele,H.805.58.933,,,,Quantity,Cost per piece/inch x Total Cost,,,,,,,,,,,,,,,,,,,
"Pant Rack 24"" Black",Hafele,H.805.58.433,,,,Quantity,Cost per piece/inch x Total Cost,,,,,,,,,,,,,,,,,,,
"Pant Rack 30"" Chrome",Hafele,H.805.58.235,,,,Quantity,Cost per piece/inch x Total Cost,,,,,,,,,,,,,,,,,,,
"Pant Rack 30"" Matt-Aluminum",Hafele,H.805.58.935,,,,Quantity,Cost per piece/inch x Total Cost,,,,,,,,,,,,,,,,,,,
"Pant Rack 30"" Black",Hafele,H.805.58.435,,,,Quantity,Cost per piece/inch x Total Cost,,,,,,,,,,,,,,,,,,,
,,,,,,,,,,,,,,,,,,,,,,,,,,
PULL-OUT LAUNDRY HAMPERS,,,,,,,,,,,,,,,,,,,,,,,,,,
"Pull-Out Laundry Hamper 18"" (1 Bag) Chrome",Hafele,H.807.52.231,,,,Quantity,Cost per piece/inch x Total Cost,227 288 229 ,,,all others,,,,,,,,,,,,,,,
"Pull-Out Laundry Hamper 18"" (1 Bag) Matt-Aluminum",Hafele,H.807.52.931,,,,Quantity,Cost per piece/inch x Total Cost,,,,,,,,,,,,,,,,,,,
"Pull-Out Laundry Hamper 18"" (1 Bag) Black",Hafele,H.807.52.331,,,,Quantity,Cost per piece/inch x Total Cost,,,,,,,,,,,,,,,,,,,
"Pull-Out Laundry Hamper 24"" (2 Bag) Chrome",Hafele,H.807.52.233,,,,Quantity,Cost per piece/inch x Total Cost,,,,,,,,,,,,,,,,,,,
"Pull-Out Laundry Hamper 24"" (2 Bag) Matt-Aluminum",Hafele,H.807.52.933,,,,Quantity,Cost per piece/inch x Total Cost,,,,,,,,,,,,,,,,,,,
"Pull-Out Laundry Hamper 24"" (2 Bag) Black",Hafele,H.807.52.333,,,,Quantity,Cost per piece/inch x Total Cost,,,,,,,,,,,,,,,,,,,
"Pull-Out Laundry Hamper 30"" (2 Bag) Chrome",Hafele,H.807.52.235,,,,Quantity,Cost per piece/inch x Total Cost,,,,,,,,,,,,,,,,,,,
"Pull-Out Laundry Hamper 30"" (2 Bag) Matt-Aluminum",Hafele,H.807.52.935,,,,Quantity,Cost per piece/inch x Total Cost,,,,,,,,,,,,,,,,,,,
"Pull-Out Laundry Hamper 30"" (2 Bag) Black",Hafele,H.807.52.135,,,,Quantity,Cost per piece/inch x Total Cost,,,,,,,,,,,,,,,,,,,
,,,,,,,,,,,,,,,,,,,,,,,,,,
TILT-OUT LAUNDRY HAMPERS,,,,,,,,238,,all others,,,,,,,,,,,,,,,,
"Tilt-Out Hamper 18"" (1 Bag) Black",Hafele,H.547.43.311,,,,Quantity,Cost per piece/inch x Total Cost,,,,,,,,,,,,,,,,,,,
"Tilt-Out Hamper 24"" (2 Bag) Black",Hafele,H.547.43.313,,,,Quantity,Cost per piece/inch x Total Cost,,,,,,,,,,,,,,,,,,,
"Tilt-Out Hamper 30"" (2 Bag) Black",Hafele,H.547.43.335,,,,Quantity,Cost per piece/inch x Total Cost,,,,,,,,,,,,,,,,,,,
,,,,,,,,,,,,,,,,,,,,,,,,,,
TILT-OUT LAUNDRY BASKETS & CANVAS,,,,,,,,,,,,,,,,,,,,,,,,,,
"Tilt-Out Laundry Basket 18"" Chrome",Hafele,H.547.42.231,,,,Quantity,Cost per piece/inch x Total Cost,,,,,,,,,,,,,,,,,,,
"Tilt-Out Laundry Basket 18"" Matt-Aluminum",Hafele,H.547.42.631,,,,Quantity,Cost per piece/inch x Total Cost,,,,,,,,,,,,,,,,,,,
"Tilt-Out Laundry Basket 18"" Black",Hafele,H.547.42.331,,,,Quantity,Cost per piece/inch x Total Cost,,,,,,,,,,,,,,,,,,,
"Tilt-Out Laundry Basket 18"" Matt Gold",Hafele,H.547.42.831,,,,Quantity,Cost per piece/inch x Total Cost,,,,,,,,,,,,,,,,,,,
"Tilt-Out Laundry Basket 18"" Matt Gold",Hafele,H.547.42.031,,,,,,,,,,,,,,,,,,,,,,,,
"Tilt-Out Laundry Basket 18"" Slate",Hafele,H.547.42.531,,,,Quantity,Cost per piece/inch x Total Cost,,,,,,,,,,,,,,,,,,,
"Tilt-Out Laundry Basket 24"" Chrome",Hafele,H.547.42.232,,,,Quantity,Cost per piece/inch x Total Cost,,,,,,,,,,,,,,,,,,,
"Tilt-Out Laundry Basket 24"" Matt-Aluminum",Hafele,H.547.42.632,,,,Quantity,Cost per piece/inch x Total Cost,,,,,,,,,,,,,,,,,,,
"Tilt-Out Laundry Basket 24"" Black",Hafele,H.547.42.332,,,,Quantity,Cost per piece/inch x Total Cost,,,,,,,,,,,,,,,,,,,
"Tilt-Out Laundry Basket 24"" Matt Gold",Hafele,H.547.42.832,,,,Quantity,Cost per piece/inch x Total Cost,,,,,,,,,,,,,,,,,,,
"Tilt-Out Laundry Basket 24"" Matt Gold",Hafele,H.547.42.030,,,,,,,,,,,,,,,,,,,,,,,,
"Tilt-Out Laundry Basket 24"" Slate",Hafele,H.547.42.532,,,,Quantity,Cost per piece/inch x Total Cost,,,,,,,,,,,,,,,,,,,
"Tilt-Out Laundry Canvas 18"" Cream",Hafele,H.547.42.485,,,,Quantity,Cost per piece/inch x Total Cost,,,,,,,,,,,,,,,,,,,
"Tilt-Out Laundry Canvas 24"" Cream",Hafele,H.547.42.487,,,,Quantity,Cost per piece/inch x Total Cost,,,,,,,,,,,,,,,,,,,
,,,,,,,,,,,,,,,,,,,,,,,,,,
TILT-OUT LAUNDRY BASKET HARDWARE,,,,,,,,,,,,,,,,,,,,,,,,,,
Hamper Mounting Rail Chrome,Hafele,H.547.42.990,,,,Quantity,Cost per piece/inch x Total Cost,"257, 258,259,260",,,,"262, 263",,,,,,,,,,,,,,
Hamper Mounting Rail Matt Nickle,Hafele,H.547.42.690,,,,Quantity,Cost per piece/inch x Total Cost,,,,,,,,,,,,,,,,,,,
Hamper Mounting Rail Black,Hafele,H.547.42.390,,,,Quantity,Cost per piece/inch x Total Cost,,,,,,,,,,,,,,,,,,,
Hamper Mounting Rail Matt Gold,Hafele,H.547.42.890,,,,Quantity,Cost per piece/inch x Total Cost,,,,,,,,,,,,,,,,,,,
Hamper Mounting Rail Matt Gold,Hafele,H.547.42.090,,,,,,,,,,,,,,,,,,,,,,,,
Hamper Mounting Rail Slate,Hafele,H.547.42.590,,,,Quantity,Cost per piece/inch x Total Cost,,,,,,,,,,,,,,,,,,,
Hamper Flap Stay Nickle,Hafele,H.547.42.993,,,,Quantity,Cost per piece/inch x Total Cost,,,,,,,,,,,,,,,,,,,
Hamper Flap Stay Black,Hafele,H.547.42.994,,,,Quantity,Cost per piece/inch x Total Cost,,,,,,,,,,,,,,,,,,,
,,,,,,,,,,,,,,,,,,,,,,,,,,
SLIDE-OUT WIRE BASKETS,,,,,,,,,,,,,,,,,,,,,,,,,,
"Wire Baskets 14D"" x 18W"" x6""H Chrome",Hafele,H.547.38.232,,,,Quantity,Cost per piece/inch x Total Cost,,,,,,,,,,,,,,,,,,,
"Wire Baskets 14D"" x 18W"" x6""H Matt-Aluminum",Hafele,H.547.38.632,,,,Quantity,Cost per piece/inch x Total Cost,,,,,,,,,,,,,,,,,,,
"Wire Baskets 14D"" x 18W"" x6""H Black",Hafele,H.547.38.332,,,,Quantity,Cost per piece/inch x Total Cost,,,,,,,,,,,,,,,,,,,
"Wire Baskets 14D"" x 18W"" x6""H Matt Gold (OLD)",Hafele,H.547.38.832,,,,Quantity,Cost per piece/inch x Total Cost,,,,,,,,,,,,,,,,,,,
"Wire Baskets 14D"" x 18W"" x6""H Matt Gold (NEW)",Hafele,H.547.38.032,,,,,,,,,,,,,,,,,,,,,,,,
"Wire Baskets 14D"" x 18W"" x6""H Slate",Hafele,H.547.38.532,,,,Quantity,Cost per piece/inch x Total Cost,,,,,,,,,,,,,,,,,,,
"Wire Baskets 14D"" x 18W"" x11""H Chrome",Hafele,H.547.38.236,,,,Quantity,Cost per piece/inch x Total Cost,,,,,,,,,,,,,,,,,,,
"Wire Baskets 14D"" x 18W"" x11""H Matt-Aluminum",Hafele,H.547.38.636,,,,Quantity,Cost per piece/inch x Total Cost,,,,,,,,,,,,,,,,,,,
"Wire Baskets 14D"" x 18W"" x11""H Black",Hafele,H.547.38.336,,,,Quantity,Cost per piece/inch x Total Cost,,,,,,,,,,,,,,,,,,,
"Wire Baskets 14D"" x 18W"" x11""H Matt Gold (OLD)",Hafele,H.547.38.836,,,,Quantity,Cost per piece/inch x Total Cost,,,,,,,,,,,,,,,,,,,
"Wire Baskets 14D"" x 18W"" x11""H Matt Gold (NEW)",Hafele,H.547.38.036,,,,,,,,,,,,,,,,,,,,,,,,
"Wire Baskets 14D"" x 18W"" x11""H Slate",Hafele,H.547.38.536,,,,Quantity,Cost per piece/inch x Total Cost,,,,,,,,,,,,,,,,,,,
"Wire Baskets 14D"" x 18W"" x17""H Chrome",Hafele,H.547.38.238,,,,Quantity,Cost per piece/inch x Total Cost,,,,,,,,,,,,,,,,,,,
"Wire Baskets 14D"" x 18W"" x17""H Matt-Aluminum",Hafele,H.547.38.638,,,,Quantity,Cost per piece/inch x Total Cost,,,,,,,,,,,,,,,,,,,
"Wire Baskets 14D"" x 18W"" x17""H Black",Hafele,H.547.38.338,,,,Quantity,Cost per piece/inch x Total Cost,,,,,,,,,,,,,,,,,,,
"Wire Baskets 14D"" x 18W"" x17""H Matt Gold (OLD)",Hafele,H.547.38.838,,,,Quantity,Cost per piece/inch x Total Cost,,,,,,,,,,,,,,,,,,,
"Wire Baskets 14D"" x 18W"" x17""H Matt Gold (NEW)",Hafele,H.547.38.038,,,,,,,,,,,,,,,,,,,,,,,,
"Wire Baskets 14D"" x 18W"" x17""H Slate",Hafele,H.547.38.538,,,,Quantity,Cost per piece/inch x Total Cost,,,,,,,,,,,,,,,,,,,
"Wire Baskets 14D"" x 24W"" x6""H Chrome",Hafele,H.547.40.232,,,,Quantity,Cost per piece/inch x Total Cost,,,,,,,,,,,,,,,,,,,
"Wire Baskets 14D"" x 24W"" x6""H Matt-Aluminum",Hafele,H.547.40.632,,,,Quantity,Cost per piece/inch x Total Cost,,,,,,,,,,,,,,,,,,,
"Wire Baskets 14D"" x 24W"" x6""H Black",Hafele,H.547.40.332,,,,Quantity,Cost per piece/inch x Total Cost,,,,,,,,,,,,,,,,,,,
"Wire Baskets 14D"" x 24W"" x6""H Matt Gold (OLD)",Hafele,H.547.40.832,,,,Quantity,Cost per piece/inch x Total Cost,,,,,,,,,,,,,,,,,,,
"Wire Baskets 14D"" x 24W"" x6""H Matt Gold (NEW)",Hafele,H.547.40.032,,,,,,,,,,,,,,,,,,,,,,,,
"Wire Baskets 14D"" x 24W"" x6""H Slate",Hafele,H.547.40.532,,,,Quantity,Cost per piece/inch x Total Cost,,,,,,,,,,,,,,,,,,,
"Wire Baskets 14D"" x 24W"" x11""H Chrome",Hafele,H.547.40.236,,,,Quantity,Cost per piece/inch x Total Cost,,,,,,,,,,,,,,,,,,,
"Wire Baskets 14D"" x 24W"" x11""H Matt-Aluminum",Hafele,H.547.40.636,,,,Quantity,Cost per piece/inch x Total Cost,,,,,,,,,,,,,,,,,,,
"Wire Baskets 14D"" x 24W"" x11""H Black",Hafele,H.547.40.336,,,,Quantity,Cost per piece/inch x Total Cost,,,,,,,,,,,,,,,,,,,
"Wire Baskets 14D"" x 24W"" x11""H Matt Gold (OLD)",Hafele,H.547.40.836,,,,Quantity,Cost per piece/inch x Total Cost,,,,,,,,,,,,,,,,,,,
"Wire Baskets 14D"" x 24W"" x11""H Matt Gold (NEW)",Hafele,H.547.40.036,,,,,,,,,,,,,,,,,,,,,,,,
"Wire Baskets 14D"" x 24W"" x11""H Slate",Hafele,H.547.40.536,,,,Quantity,Cost per piece/inch x Total Cost,,,,,,,,,,,,,,,,,,,
"Wire Baskets 14D"" x 24W"" x17""H Chrome",Hafele,H.547.40.238,,,,Quantity,Cost per piece/inch x Total Cost,,,,,,,,,,,,,,,,,,,
"Wire Baskets 14D"" x 24W"" x17""H Matt-Aluminum",Hafele,H.547.40.638,,,,Quantity,Cost per piece/inch x Total Cost,,,,,,,,,,,,,,,,,,,
"Wire Baskets 14D"" x 24W"" x17""H Black",Hafele,H.547.40.338,,,,Quantity,Cost per piece/inch x Total Cost,,,,,,,,,,,,,,,,,,,
"Wire Baskets 14D"" x 24W"" x17""H Matt Gold (OLD)",Hafele,H.547.40.838,,,,Quantity,Cost per piece/inch x Total Cost,,,,,,,,,,,,,,,,,,,
"Wire Baskets 14D"" x 24W"" x17""H Matt Gold (NEW)",Hafele,H.547.40.038,,,,,,,,,,,,,,,,,,,,,,,,
"Wire Baskets 14D"" x 24W"" x17""H Slate",Hafele,H.547.40.538,,,,Quantity,Cost per piece/inch x Total Cost,,,,,,,,,,,,,,,,,,,
"Wire Baskets 14D"" x 30W"" x6""H Chrome",Hafele,H.547.41.232,,,,Quantity,Cost per piece/inch x Total Cost,,,,,,,,,,,,,,,,,,,
"Wire Baskets 14D"" x 30W"" x6""H Matt-Aluminum",Hafele,H.547.41.632,,,,Quantity,Cost per piece/inch x Total Cost,,,,,,,,,,,,,,,,,,,
"Wire Baskets 14D"" x 30W"" x6""H Black",Hafele,H.547.41.332,,,,Quantity,Cost per piece/inch x Total Cost,,,,,,,,,,,,,,,,,,,
"Wire Baskets 14D"" x 30W"" x6""H Matt Gold (OLD)",Hafele,H.547.41.832,,,,Quantity,Cost per piece/inch x Total Cost,,,,,,,,,,,,,,,,,,,
"Wire Baskets 14D"" x 30W"" x6""H Matt Gold (NEW)",Hafele,H.547.41.032,,,,,,,,,,,,,,,,,,,,,,,,
"Wire Baskets 14D"" x 30W"" x6""H Slate",Hafele,H.547.41.532,,,,Quantity,Cost per piece/inch x Total Cost,,,,,,,,,,,,,,,,,,,
"Wire Baskets 14D"" x 30W"" x11""H Chrome",Hafele,H.547.41.236,,,,Quantity,Cost per piece/inch x Total Cost,,,,,,,,,,,,,,,,,,,
"Wire Baskets 14D"" x 30W"" x11""H Matt-Aluminum",Hafele,H.547.41.636,,,,Quantity,Cost per piece/inch x Total Cost,,,,,,,,,,,,,,,,,,,
"Wire Baskets 14D"" x 30W"" x11""H Black",Hafele,H.547.41.336,,,,Quantity,Cost per piece/inch x Total Cost,,,,,,,,,,,,,,,,,,,
"Wire Baskets 14D"" x 30W"" x11""H Matt Gold (OLD)",Hafele,H.547.41.836,,,,Quantity,Cost per piece/inch x Total Cost,,,,,,,,,,,,,,,,,,,
"Wire Baskets 14D"" x 30W"" x11""H Matt Gold (NEW)",Hafele,H.547.41.036,,,,,,,,,,,,,,,,,,,,,,,,
"Wire Baskets 14D"" x 30W"" x11""H Slate",Hafele,H.547.41.536 ,,,,Quantity,Cost per piece/inch x Total Cost,,,,,,,,,,,,,,,,,,,
"Wire Baskets 14D"" x 30W"" x17""H Chrome",Hafele,H.547.41.238,,,,Quantity,Cost per piece/inch x Total Cost,,,,,,,,,,,,,,,,,,,
"Wire Baskets 14D"" x 30W"" x17""H Matt-Aluminum",Hafele,H.547.41.638,,,,Quantity,Cost per piece/inch x Total Cost,,,,,,,,,,,,,,,,,,,
"Wire Baskets 14D"" x 30W"" x17""H Black",Hafele,H.547.41.338,,,,Quantity,Cost per piece/inch x Total Cost,,,,,,,,,,,,,,,,,,,
"Wire Baskets 14D"" x 30W"" x17""H Matt Gold (OLD)",Hafele,H.547.41.838,,,,Quantity,Cost per piece/inch x Total Cost,,,,,,,,,,,,,,,,,,,
"Wire Baskets 14D"" x 30W"" x17""H Matt Gold (NEW)",Hafele,H.547.41.038,,,,,,,,,,,,,,,,,,,,,,,,
"Wire Baskets 14D"" x 30W"" x17""H Slate",Hafele,H.547.41.538,,,,Quantity,Cost per piece/inch x Total Cost,,,,,,,,,,,,,,,,,,,
,,,,,,,,,,,,,,,,,,,,,,,,,,
JEWELRY TRAY ,,,,,,,,,,,,,,,,,,,,,,,,,,
"Jewelry Tray 14D"" x 24W"" x 2H"" Grey",Hafele,H.811.03.504,,,,Quantity,Cost per piece/inch x Total Cost,,,,,,,,,,,,,,,,,,,
,,,,,,,,,,,,,,,,,,,,,,,,,,
BELT TRAY ,,,,,,,,,,,,,,,,,,,,,,,,,,
"Belt Tray 14D"" x 24W"" x 4H"" Grey",Hafele,H.811.03.513,,,,Quantity,Cost per piece/inch x Total Cost,,,,,,,,,,,,,,,,,,,
,,,,,,,,,,,,,,,,,,,,,,,,,,
IRONING BOARD  ,,,,,,,,,,,,,,,,,,,,,,,,,,
"Ironing Board (Shelf Mounted) 14D"" x 24W"" White",Hafele,H.568.60.781,,,,Quantity,Cost per piece/inch x Total Cost,,,,,,,,,,,,,,,,,,,
,,,,,,,,,,,,,,,,,,,,,,,,,,
WARDROBE LIFTS,,,,,,,,,,,,,,,,,,,,,,,,,,
"Wardrobe Lift 21.25""-26"" Chrome/Black",Hafele,H.805.31.201,,,,Quantity,Cost per piece/inch x Total Cost,,,,,,,,,,,,,,,,,,,
"Wardrobe Lift 26""-35"" Chrome/Black",Hafele,H.805.31.202,,,,Quantity,Cost per piece/inch x Total Cost,,,,,,,,,,,,,,,,,,,
"Wardrobe Lift 35""-47.5"" Chrome/Black",Hafele,H.805.31.203,,,,Quantity,Cost per piece/inch x Total Cost,,,,,,,,,,,,,,,,,,,
,,,,,,,,,,,,,,,,,,,,,,,,,,
DOUBLE HOOK,,,,,,,,,,,,,,,,,,,,,,,,,,
Double Hook Chrome,Hafele,H.807.69.240,,,,Quantity,Cost per piece/inch x Total Cost,,,,,,,,,,,,,,,,,,,
Double Hook Matt-Aluminum,Hafele,H.807.69.040,,,,Quantity,Cost per piece/inch x Total Cost,,,,,,,,,,,,,,,,,,,
Double Hook Black,Hafele,H.807.68.340,,,,Quantity,Cost per piece/inch x Total Cost,,,,,,,,,,,,,,,,,,,
Double Hook Matt Gold,Hafele,H.807.69.940,,,,Quantity,Cost per piece/inch x Total Cost,,,,,,,,,,,,,,,,,,,
Double Hook Slate,Hafele,H.807.69.340,,,,Quantity,Cost per piece/inch x Total Cost,,,,,,,,,,,,,,,,,,,
,,,,,,,,,,,,,,,,,,,,,,,,,,
SINGLE HOOK,,,,,,,,,,,,,,,,,,,,,,,,,,
Single Coat Hook Chrome,Hafele,H.807.69.230,,,,Quantity,Cost per piece/inch x Total Cost,,,,,,,,,,,,,,,,,,,
Single Coat Hook Matt-Aluminum,Hafele,H.807.69.030,,,,Quantity,Cost per piece/inch x Total Cost,,,,,,,,,,,,,,,,,,,
Single Coat Hook Black,Hafele,H.807.68.330,,,,Quantity,Cost per piece/inch x Total Cost,,,,,,,,,,,,,,,,,,,
Single Coat Hook Matt Gold,Hafele,H.807.69.930,,,,Quantity,Cost per piece/inch x Total Cost,,,,,,,,,,,,,,,,,,,
Single Coat Hook Slate,Hafele,H.807.69.330,,,,Quantity,Cost per piece/inch x Total Cost,,,,,,,,,,,,,,,,,,,
HANDLES,,,,,,,,,,,,,,,,,,,,,,,,,,
Round Flat Knob ,,,,,,,,,,,,,,,,,,,,,,,,,,
"HANDLES ROUND, Chrome",Hafele,H.111.95.140,,,,Quantity,Cost per piece/inch x Total Cost,,,,,,,,,,,,,,,,,,,
"HANDLES ROUND, Matt Nickle",Hafele,H.111.95.142,,,,,,,,,,,,,,,,,,,,,,,,
"HANDLES ROUND, Matt Aluminum",Hafele,H.111.95.141,,,,,,,,,,,,,,,,,,,,,,,,
"HANDLES, Black",Hafele,H.111.95.300,,,,Quantity,Cost per piece/inch x Total Cost,,,,,,,,,,,,,,,,,,,
"HANDLES ROUND, Black",Hafele,H.111.95.302,,,,,,,,,,,,,,,,,,,,,,,,
"HANDLES ROUND, Matt Gold",Hafele,H.111.95.144,,,,Quantity,Cost per piece/inch x Total Cost,,,,,,,,,,,,,,,,,,,
"HANDLES ROUND, Slate",Hafele,H.111.95.145,,,,Quantity,Cost per piece/inch x Total Cost,,,,,,,,,,,,,,,,,,,
,,,,,,,,,,,,,,,,,,,,,,,,,,
Square Knob ,,,,,,,,,,,,,,,,,,,,,,,,,,
"HANDLES SQUARE, Chrome",Hafele,H.111.95.000,,,,Quantity,Cost per piece/inch x Total Cost,,,,,,,,,,,,,,,,,,,
"HANDLES SQUARE, Matt  Aluminum",Hafele,H.111.95.004,,,,,,,,,,,,,,,,,,,,,,,,
"HANDLES SQUARE, Black",Hafele,H.111.95.303,,,,Quantity,Cost per piece/inch x Total Cost,,,,,,,,,,,,,,,,,,,
"HANDLES SQUARE, Matt Gold",Hafele,H.111.95.003 ,,,,Quantity,Cost per piece/inch x Total Cost,,,,,,,,,,,,,,,,,,,
"HANDLES SQUARE, Slate",Hafele,H.111.95.005,,,,Quantity,Cost per piece/inch x Total Cost,,,,,,,,,,,,,,,,,,,
,,,,,,,,,,,,,,,,,,,,,,,,,,
Finger Knob,,,,,,,,,,,,,,,,,,,,,,,,,,
"HANDLES FINGER, Chrome",Hafele,H.111.95.160,,,,Quantity,Cost per piece/inch x Total Cost,,,,,,,,,,,,,,,,,,,
"HANDLES FINGER, Matt Aluminum",Hafele,H.111.95.161,,,,Quantity,Cost per piece/inch x Total Cost,,,,,,,,,,,,,,,,,,,
"HANDLES FINGER, Black",Hafele,H.111.95.301,,,,Quantity,Cost per piece/inch x Total Cost,,,,,,,,,,,,,,,,,,,
"HANDLES FINGER, Matt Gold",Hafele,H.111.95.164,,,,Quantity,Cost per piece/inch x Total Cost,,,,,,,,,,,,,,,,,,,
"HANDLES FINGER, Slate",Hafele,H.111.95.165,,,,Quantity,Cost per piece/inch x Total Cost,,,,,,,,,,,,,,,,,,,
,,,,,,,,,,,,,,,,,,,,,,,,,,
Handle 1,,,,,,,,,,,,,,,,,,,,,,,,,,
"HANDLES, SS, 128mm (OLD)",Hafele,H.155.01.460,,,,Quantity,Cost per piece/inch x Total Cost,,,,,,,,,,,,,,,,,,,
"HANDLES, SS, 128mm (NEW)",Hafele,H.155.00.061,,,,,,,,,,,,,,,,,,,,,,,,
"HANDLES, SS, 160mm (OLD)",Hafele,H.155.01.461,,,,Quantity,Cost per piece/inch x Total Cost,,,,,,,,,,,,,,,,,,,
"HANDLES, SS, 160mm (NEW)",Hafele,H.155.00.090,,,,,,,,,,,,,,,,,,,,,,,,
"HANDLES, SS, 192mm (OLD)",Hafele,H.155.01.462,,,,Quantity,Cost per piece/inch x Total Cost,,,,,,,,,,,,,,,,,,,
"HANDLES, SS, 192mm (NEW)",Hafele,H.155.00.091,,,,,,,,,,,,,,,,,,,,,,,,
"HANDLES, SS, 224mm (OLD)",Hafele,H.155.01.463,,,,Quantity,Cost per piece/inch x Total Cost,,,,,,,,,,,,,,,,,,,
"HANDLES, SS, 224mm (NEW)",Hafele,H.155.00.092,,,,,,,,,,,,,,,,,,,,,,,,
"HANDLES, SS, 288mm",Hafele,H.155.01.464,,,,Quantity,Cost per piece/inch x Total Cost,,,,,,,,,,,,,,,,,,,
"HANDLES, SS, 320mm (OLD)",Hafele,H.155.01.465,,,,Quantity,Cost per piece/inch x Total Cost,,,,,,,,,,,,,,,,,,,
"HANDLES, SS, 320mm (NEW)",Hafele,H.155.00.093,,,,,,,,,,,,,,,,,,,,,,,,
"HANDLES, SS, 440mm (OLD)",Hafele,H.155.01.466,,,,Quantity,Cost per piece/inch x Total Cost,,,,,,,,,,,,,,,,,,,
"HANDLES, SS, 440mm (NEW)",Hafele,H.155.00.094,,,,,,,,,,,,,,,,,,,,,,,,
,,,,,,,,,,,,,,,,,,,,,,,,,,
Handle 2,,,,,,,,,,,,,,,,,,,,,,,,,,
"HANDLES, Chrome, 160mm",Hafele,H.110.34.255,,,,Quantity,Cost per piece/inch x Total Cost,,,,,,,,,,,,,,,,,,,
"HANDLES, Brushed Nickle, 160mm",Hafele,H.110.34.655,,,,Quantity,Cost per piece/inch x Total Cost,,,,,,,,,,,,,,,,,,,
"HANDLES, Flat Black, 160mm",Hafele,H.110.34.355,,,,Quantity,Cost per piece/inch x Total Cost,,,,,,,,,,,,,,,,,,,
,,,,,,,,,,,,,,,,,,,,,,,,,,
Handle 3,,,,,,,,,,,,,,,,,,,,,,,,,,
"HANDLES, SS, 128mm",Hafele,H.117.05.610,,,,Quantity,Cost per piece/inch x Total Cost,,,,,,,,,,,,,,,,,,,
"HANDLES, SS, 192mm",Hafele,H.117.05.620,,,,Quantity,Cost per piece/inch x Total Cost,,,,,,,,,,,,,,,,,,,
"HANDLES, SS, 224mm",Hafele,H.117.05.630,,,,Quantity,Cost per piece/inch x Total Cost,,,,,,,,,,,,,,,,,,,
"HANDLES, SS, 320mm",Hafele,H.117.05.640,,,,Quantity,Cost per piece/inch x Total Cost,,,,,,,,,,,,,,,,,,,
"HANDLES, SS, 480mm",Hafele,H.117.05.650,,,,Quantity,Cost per piece/inch x Total Cost,,,,,,,,,,,,,,,,,,,
,,,,,,,,,,,,,,,,,,,,,,,,,,
Handle 1,,,,,,,,,,,,,,,,,,,,,,,,,,
"HANDLES1, Chrome, 128mm",Hafele,H.111.95.270,,,,Quantity,Cost per piece/inch x Total Cost,,,,,,,,,,,,,,,,,,,
"HANDLES1, Matt Aluminum, 128mm",Hafele,H.111.95.271,,,,Quantity,Cost per piece/inch x Total Cost,,,,,,,,,,,,,,,,,,,
"HANDLES1, Black, 128mm",Hafele,H.111.95.306,,,,Quantity,Cost per piece/inch x Total Cost,,,,,,,,,,,,,,,,,,,
"HANDLES1, Matt Gold, 128mm",Hafele,H.111.95.272,,,,Quantity,Cost per piece/inch x Total Cost,,,,,,,,,,,,,,,,,,,
"HANDLES1, Slate, 128mm",Hafele,H.111.95.275,,,,Quantity,Cost per piece/inch x Total Cost,,,,,,,,,,,,,,,,,,,
"HANDLES1, Chrome, 192mm",Hafele,H.111.95.280,,,,Quantity,Cost per piece/inch x Total Cost,,,,,,,,,,,,,,,,,,,
"HANDLES1, Matt Aluminum, 192mm",Hafele,H.111.95.281,,,,Quantity,Cost per piece/inch x Total Cost,,,,,,,,,,,,,,,,,,,
"HANDLES1, Black, 192mm",Hafele,H.111.95.307,,,,Quantity,Cost per piece/inch x Total Cost,,,,,,,,,,,,,,,,,,,
"HANDLES1, Matt Gold, 192mm",Hafele,H.111.95.282,,,,Quantity,Cost per piece/inch x Total Cost,,,,,,,,,,,,,,,,,,,
"HANDLES1, Slate, 192mm",Hafele,H.111.95.285,,,,Quantity,Cost per piece/inch x Total Cost,,,,,,,,,,,,,,,,,,,
,,,,,,,,,,,,,,,,,,,,,,,,,,
Handle 2,,,,,,,,,,,,,,,,,,,,,,,,,,
"HANDLES2, Chrome, 128mm",Hafele,H.111.95.100,,,,Quantity,Cost per piece/inch x Total Cost,,,,,,,,,,,,,,,,,,,
"HANDLES2, Matt Aluminum, 128mm",Hafele,H.111.95.101,,,,Quantity,Cost per piece/inch x Total Cost,,,,,,,,,,,,,,,,,,,
"HANDLES2, Black, 128mm",Hafele,H.111.95.311,,,,Quantity,Cost per piece/inch x Total Cost,,,,,,,,,,,,,,,,,,,
"HANDLES2, Matt Gold, 128mm",Hafele,H.111.95.104,,,,Quantity,Cost per piece/inch x Total Cost,,,,,,,,,,,,,,,,,,,
"HANDLES2, Slate, 128mm",Hafele,H.111.95.105,,,,Quantity,Cost per piece/inch x Total Cost,,,,,,,,,,,,,,,,,,,
"HANDLES2, Chrome, 256mm",Hafele,H.111.95.290,,,,Quantity,Cost per piece/inch x Total Cost,,,,,,,,,,,,,,,,,,,
"HANDLES2, Matt Aluminum, 256mm",Hafele,H.111.95.291,,,,Quantity,Cost per piece/inch x Total Cost,,,,,,,,,,,,,,,,,,,
"HANDLES2, Black, 256mm",Hafele,H.111.95.312,,,,Quantity,Cost per piece/inch x Total Cost,,,,,,,,,,,,,,,,,,,
"HANDLES2, Matt Gold, 256mm",Hafele,H.111.95.291,,,,Quantity,Cost per piece/inch x Total Cost,,,,,,,,,,,,,,,,,,,
"HANDLES2, Slate, 256mm",Hafele,H.111.95.295,,,,Quantity,Cost per piece/inch x Total Cost,,,,,,,,,,,,,,,,,,,
,,,,,,,,,,,,,,,,,,,,,,,,,,
Handle 3,,,,,,,,,,,,,,,,,,,,,,,,,,
"HANDLES3, Chrome, 128mm",Hafele,H.111.95.180,,,,Quantity,Cost per piece/inch x Total Cost,,,,,,,,,,,,,,,,,,,
"HANDLES3, Matt Nickle, 128mm",Hafele,H.111.95.182,,,,Quantity,Cost per piece/inch x Total Cost,,,,,,,,,,,,,,,,,,,
"HANDLES3, Black, 128mm",Hafele,H.111.95.310,,,,Quantity,Cost per piece/inch x Total Cost,,,,,,,,,,,,,,,,,,,
"HANDLES3, Matt Gold, 128mm",Hafele,H.111.95.184 ,,,,Quantity,Cost per piece/inch x Total Cost,,,,,,,,,,,,,,,,,,,
"HANDLES3, Slate, 128mm",Hafele,H.111.95.185,,,,Quantity,Cost per piece/inch x Total Cost,,,,,,,,,,,,,,,,,,,
,,,,,,,,,,,,,,,,,,,,,,,,,,
DOOR & DRAWER LOCKS,,,,,,,,,,,,,,,,,,,,,,,,,,
DOOR LOCK ACCESSORIES,,,,,,,,,,,,,,,,,,,,,,,,,,
"Door Lock Right, short throw",Hafele,H.232.26.600,,,,Quantity,Cost per piece/inch x Total Cost,"386,387",,"388,389",,,390,,391,,,,,,,,,,,
"Door Lock Left, short throw",Hafele,H.232.26.610,,,,Quantity,Cost per piece/inch x Total Cost,,,,,,,,,,,,,,,,,,,
"Door Cylinder, keyed Alike",Hafele,H.210.40.601,,,,Quantity,Cost per piece/inch x Total Cost,,,,,,,,,,,,,,,,,,,
"Door Cylinder, keyed Different",Hafele,H.210.40.600,,,,Quantity,Cost per piece/inch x Total Cost,,,,,,,,,,,,,,,,,,,
Door cylinder rosette (cover),Hafele,H.219.19.677,,,,Quantity,Cost per piece/inch x Total Cost,,,,,,,,,,,,,,,,,,,
Door Strike Plate,Hafele,H.239.61.319,,,,Quantity,Cost per piece/inch x Total Cost,,,,,,,,,,,,,,,,,,,
,,,,,,,,,,,,,,,,,,,,,,,,,,
DRAWER LOCK ACCESSORIES,,,,,,,,,,,,,,,,,,,,,,,,,,
Drawer Push Button Lock (Side Mounted only),Hafele,H.234.65.600,,,,Quantity,Cost per piece/inch x Total Cost,394,,395,,,"396,397",,,398,,,,,,,,,,
Locking Cyl. Sleeve,Hafele,H.234.59.994,,,,Quantity,Cost per piece/inch x Total Cost,,,,,,,,,,,,,,,,,,,
"Drawer Cylinder, keyed Alike",Hafele,H.210.40.601,,,,Quantity,Cost per piece/inch x Total Cost,,,,,,,,,,,,,,,,,,,
"Drawer Cylinder, keyed Different",Hafele,H.210.40.600,,,,Quantity,Cost per piece/inch x Total Cost,,,,,,,,,,,,,,,,,,,
Drawer cylinder rosette (cover),Hafele,H.219.19.677,,,,Quantity,Cost per piece/inch x Total Cost,,,,,,,,,,,,,,,,,,,
,,,,,,,,,,,,,,,,,,,,,,,,,,
OFFICE ACCESSORIES,,,,,,,,,,,,,,,,,,,,,,,,,,
MONITOR MOUNTING,,,,,,,,402,,,,403,,,,404,,405,,,,406,,,407,
Keyboard Tray Combo                     ,Hafele,H.632.68.311,,,,Quantity,Cost per piece/inch x Total Cost,,,,,,,,,,,,,,,,,,,
Eliptta Long Arm - Basic (Qty 1),Hafele,H.818.11.939,,,,Quantity,Cost per piece/inch x Total Cost,,,,,,,,,,,,,,,,,,,
Eliptta Universal Mounting Post,Hafele,H.818.10.901,,,,Quantity,Cost per piece/inch x Total Cost,,,,,,,,,,,,,,,,,,,
Eliptta Sliding Clamp Doble Monitor,Hafele,H.818.11.965,,,,Quantity,Cost per piece/inch x Total Cost,,,,,,,,,,,,,,,,,,,
Ellipta Wall Mount Bracket,Hafele,H.818.11.980,,,,Quantity,Cost per piece/inch x Total Cost,,,,,,,,,,,,,,,,,,,
Omni-Ellipta Bracket,Hafele,H.818.11.981,,,,Quantity,Cost per piece/inch x Total Cost,,,,,,,,,,,,,,,,,,,
,,,,,,,,,,,,,,,,,,,,,,,,,,
WALL TRACK,,,,,,,,,,,,,,,,,,,,,,,,,,
"Omni Wall Track - 96""",Hafele,H.792.00.000,,,,Quantity,Cost per piece/inch x Total Cost,410,,411,,,412,,,,,,,,,,,,,
"Omni Wall Track - 96""",Hafele,H.792.00.005,,,,,,,,,,,,,,,,,,,,,,,,
"Omni Wall Track - 96"" (Custom Lengths)",Hafele,H.792.00.005.CTS,,,,Quantity,Cost per piece/inch x Total Cost,,,,,,,,,,,,,,,,,,,
Omni Edge Profile - Black (not available when stacking),Hafele,H.792.00.320,,,,Quantity,Cost per piece/inch x Total Cost,,,,,,,,,,,,,,,,,,,
"Omni Edge Profile - Aluminum - 96"" (Used for Stacking) OLD",Hafele,H.792.01.000,,,,Quantity,Cost per piece/inch x Total Cost,,,,,,,,,,,,,,,,,,,
"Omni Edge Profile - Aluminum - 96"" (Used for Stacking) NEW",Hafele,H.792.01.002,,,,Quantity,Cost per piece/inch x Total Cost,,,,,,,,,,,,,,,,,,,
,,,,,,,,,,,,,,,,,,,,,,,,,,
TRAYS AND ORGANIZATION,,,,,,,,,,,,,,,,,,,,,,,,,,
Omni Paper Tray,Hafele,H.818.83.910,,,,Quantity,Cost per piece/inch x Total Cost,415,,417,,,419,,,,,,,,,,,,,
Omni Pencil Tray,Hafele,H.818.83.920,,,,Quantity,Cost per piece/inch x Total Cost,,,,,,,,,,,,,,,,,,,
Omni Small Tray,Hafele,H.818.83.930,,,,Quantity,Cost per piece/inch x Total Cost,,,,,,,,,,,,,,,,,,,
Omni Upright Tray,Hafele,H.818.83.940,,,,Quantity,Cost per piece/inch x Total Cost,416,,418,,,"420,421",,,,,,,,,,,,,
Omni File Hanger,Hafele,H.818.83.900,,,,Quantity,Cost per piece/inch x Total Cost,,,,,,,,,,,,,,,,,,,
File Frame Kit - Letter,Hafele,H.422.74.310,,,,Quantity,Cost per piece/inch x Total Cost,,,,,,,,,,,,,,,,,,,
File Frame Kit - Legal,Hafele,H.422.74.320,,,,Quantity,Cost per piece/inch x Total Cost,,,,,,,,,,,,,,,,,,,
,,,,,,,,,,,,,,,,,,,,,,,,,,
POWER STATIONS,,,,,,,,424,,425,,,,426,same as #30,,,,,,,,,,,
Pop-up Power Station (OLD),Hafele,H.822.99.340,,,,Quantity,Cost per piece/inch x Total Cost,,,,,,,,,,,,,,,,,,,
Pop-up Power Station (NEW),Hafele,H.822.09.409,,,,,,,,,,,,,,,,,,,,,,,,
Power/Data Station (OLD),Hafele,H.822.09.331,,,,Quantity,Cost per piece/inch x Total Cost,,,,,,,,,,,,,,,,,,,
Power/Data Station (NEW),Hafele,H.822.09.406,,,,,,,,,,,,,,,,,,,,,,,,
Grommet - 2 3/8,Hafele,H.631.43.302,,,,Quantity,Cost per piece/inch x Total Cost,,,,,,,,,,,,,,,,,,,
,,,,,,,,,,,,,,,,,,,,,,,,,,
,,,,,,,,,,,,,,,,,,,,,,,,,,
GARAGE ACCESSORIES,,,,,,,,,,,,,,,,,,,,,,,,,,
Wall Track,,,,,,,,,,,,,,,,,,,,,,,,,,
"Omni Wall Track - 96""",Hafele,H.792.00.000,,,,Quantity,Cost per piece/inch x Total Cost,same as 410,,,,,,,,,,,,,,,,,,
"Omni Wall Track - 96""",Hafele,H.792.00.005,,,,,,,,,,,,,,,,,,,,,,,,
"Omni Wall Track - 96"" (Custom Lengths)",Hafele,H.792.00.005.CTS,,,,,,,,,,,,,,,,,,,,,,,,
Omni Edge Profile - Black (not available when stacking),Hafele,H.792.00.320,,,,Quantity,Cost per piece/inch x Total Cost,Same as 411,,,,,,,,,,,,,,,,,,
"Omni Edge Profile - Aluminum - 96"" (Used for Stacking)",Hafele,H.792.01.000,,,,Quantity,Cost per piece/inch x Total Cost,same as 412,,,,,,,,,,,,,,,,,,
,,,,,,,,,,,,,,,,,,,,,,,,,,
HANDLE,,,,,,,,,,,,,,,,,,,,,,,,,,
Extruded Door Handle (OLD),Hafele,H.792.01.060,,,,Quantity,Cost per piece/inch x Total Cost,,,,,,,,,,,,,,,,,,,
Extruded Door Handle (NEW),Hafele,H.792.01.061,,,,,,,,,,,,,,,,,,,,,,,,
Extruded Door Handle (Custom Lengths) (OLD),Hafele,H.792.01.060.CTS,,Add $3.00 Cut Charge for every Quantity,,Quantity,Cost per piece/inch x Total Cost,,,,,,,,,,,,,,,,,,,
Extruded Door Handle (Custom Lengths) (NEW),Hafele,H.792.01.061.CTS,,,,,,,,,,,,,,,,,,,,,,,,
,,,,,,,,,,,,,,,,,,,,,,,,,,
HOOKS & ORGANIZERS,,,,,,,,,,,,,,,,,,,,,,,,,,
Utility Hook,Hafele,H.792.02.203,,,,Quantity,Cost per piece/inch x Total Cost,439,,,442,,,444,,,447,,,450,,,453,,,
Garden Tool Hook,Hafele,H.792.02.200,,,,Quantity,Cost per piece/inch x Total Cost,,,,,,,,,,,,,,,,,,,
Hose Hook,Hafele,H.792.02.202,,,,Quantity,Cost per piece/inch x Total Cost,,,,,,,,,,,,,,,,,,,
Horizontal Bike Hook,Hafele,H.792.02.005,,,,Quantity,Cost per piece/inch x Total Cost,,,,,,,,,,,,,,,,,,,
Activity Hook,Hafele,H.792.02.004,,,,Quantity,Cost per piece/inch x Total Cost,,,,,,,,,,,,,,,,,,,
Vertical Bike Hook,Hafele,H.792.02.201,,,,Quantity,Cost per piece/inch x Total Cost,,,,443,,,,,,448,,,451,,,,,,
Fishing Rod Hook,Hafele,H.792.02.006,,,,Quantity,Cost per piece/inch x Total Cost,440,,,,,,445,,,,,,,,,,,,
Small Cover Cap,Hafele,H.792.02.399,,,,Quantity,Cost per piece/inch x Total Cost,,,,,,,,,,,,,,,,,,,
Hand Tool Hooks,Hafele,H.792.02.255,,,,Quantity,Cost per piece/inch x Total Cost,,,,,,,,,,,,,,,,,,,
Screwdriver Hook,Hafele,H.792.02.252,,,,Quantity,Cost per piece/inch x Total Cost,,,,,,,,,,,,,,,,,,,
Wrench Hook,Hafele,H.792.02.251,,,,Quantity,Cost per piece/inch x Total Cost,441,,,,,,446,,,449,,,452,,,,,,
Pliers Hook,Hafele,H.792.02.250,,,,Quantity,Cost per piece/inch x Total Cost,,,,,,,,,,,,,,,,,,,
Paper Organizer,Hafele,H.792.02.254,,,,Quantity,Cost per piece/inch x Total Cost,,,,,,,,,,,,,,,,,,,
Single Hook,Hafele,H.792.02.253,,,,Quantity,Cost per piece/inch x Total Cost,,,,,,,,,,,,,,,,,,,
Large Cover Cap,Hafele,H.792.02.349,,,,Quantity,Cost per piece/inch x Total Cost,,,,,,,,,,,,,,,,,,,
,,,,,,,,,,,,,,,,,,,,,,,,,,
BINS,,,,,,,,,,,,,,,,,,,,,,,,,,
Storage Bin 5-1/4D x 4-1/4W x 3H,Hafele,H.792.02.380,,,,Quantity,Cost per piece/inch x Total Cost,,,,,,,,,,,,,,,,,,,
Storage Bin 7-1/4D x 4-1/4W x 3H,Hafele,H.792.02.381,,,,Quantity,Cost per piece/inch x Total Cost,,,,,,,,,,,,,,,,,,,
Storage Bin 10-3/4D x 5-1/2W x 5H,Hafele,H.792.02.382,,,,Quantity,Cost per piece/inch x Total Cost,,,,,,,,,,,,,,,,,,,
,,,,,,,,,,,,,,,,,,,,,,,,,,
LEGS,,,,,,,,,,,,,,,,,,,,,,,,,,
"Garage Aluminum Legs 6""",Hafele,H.792.01.081,,,,Quantity,Cost per piece/inch x Total Cost,,,,,,,,,,,,,,,,,,,
,,,,,,,,,,,,,,,,,,,,,,,,,,
CLOSET LED LIGHTING,,,,,,,,,,,,,,,,,,,,,,,,,,
POWER LEAD,,,,,,,,,,,,,,,,,,,,,,,,,,
"Primary Lead 78"" ",Hafele,H.833.89.003,,,,Quantity,Cost per piece/inch x Total Cost,,,,,,,,,,,,,,,,,,,
,,,,,,,,,,,,,,,,,,,,,,,,,,
DRIVERS,,,,,,,,"468,469",,,470,,,,,,,,,,,,,,,
20Watt 12V Constant,Hafele,H.833.95.000,,,,Quantity,Cost per piece/inch x Total Cost,,,,,,,,,,,,,,,,,,,
40Watt 12V Constant,Hafele,H.833.95.002,,,,Quantity,Cost per piece/inch x Total Cost,,,,,,,,,,,,,,,,,,,
60Watt 24V Constant (NEW),Hafele,H.833.95.020,,,,,,,,,,,,,,,,,,,,,,,,
6-way distributor w/ switching function (MUST Use with Driver),Hafele,H.833.95.749,,,,Quantity,Cost per piece/inch x Total Cost,,,,,,,,,,,,,,,,,,,
6-way 24V distributor w/ switching function (MUST Use with Driver) (NEW),Hafele,H.833.77.833,,,,,,,,,,,,,,,,,,,,,,,,
,,,,,,,,,,,,,,,,,,,,,,,,,,
LEADS - (From Driver to Adapter or Light),,,,,,,,,,,,,,,,,,,,,,,,,,
"Ext. Lead, M/F 19"" ",Hafele,H.833.95.712,,,,Quantity,Cost per piece/inch x Total Cost,,,,,,,,,,,,,,,,,,,
"Ext. Lead, M/F 39""",Hafele,H.833.95.713,,,,Quantity,Cost per piece/inch x Total Cost,,,,,,,,,,,,,,,,,,,
"Ext. Lead, M/F 78""",Hafele,H.833.95.714,,,,Quantity,Cost per piece/inch x Total Cost,,,,,,,,,,,,,,,,,,,
"Ext. Lead, 24V, M/F 78"" (NEW)",Hafele,H.833.95.717,,,,,,,,,,,,,,,,,,,,,,,,
,,,,,,,,,,,,,,,,,,,,,,,,,,
DISTRIBUTORS,,,,,,,,478,,,479,,,,,,,,,,,,,,,
"6-Way Distrbutor 78"" ",Hafele,H.833.95.786,,,,Quantity,Cost per piece/inch x Total Cost,,,,,,,,,,,,,,,,,,,
"6-Way 24V Distrbutor 78"" (NEW)",Hafele,H.833.77.839,,,,,,,,,,,,,,,,,,,,,,,,
"4-way Ext. Lead 78""+59""+59""+59""x2 ",Hafele,H.833.95.742,,,,Quantity,Cost per piece/inch x Total Cost,,,,,,,,,,,,,,,,,,,
,,,,,,,,,,,,,,,,,,,,,,,,,,
LED PUCK LIGHTS,,,,,,,,,,,,,,484,,,,,,,,,,,,
"LED Puck, 2.5"", Recessed, 2.5W, Warm White, Chrome, 157""",Hafele,H.833.72.091,,,,Quantity,Cost per piece/inch x Total Cost,,,,,,,,,,,,,,,,,,,
"MINI LED Puck, 1 3/8"",  Recessed 1.5W Warm White Chrome, 78""  ",Hafele,H.833.72.043,,,,Quantity,Cost per piece/inch x Total Cost,,,,,,,,,,,,,,,,,,,
Adapters for Loox3 pucks to Loox5 Drivers (Qty 6),Hafele,H.833.95.753,,,,Quantity,Cost per piece/inch x Total Cost,,,,,,,,,,,,,,,,,,,
"BLACK LED Puck, 24V, 2.5"", Recessed, 2.5W, Warm White 3K, 157"" lead",Hafele,H.833.75.325,,,,,,,,,,,,,,,,,,,,,,,,
"BLACK LED Puck, Housing, Surface Mount",Hafele,H.833.72.806,,,,,,,,,,,,,,,,,,,,,,,,
"NICKLE LED Puck, 24V, 2.5"", Recessed, 2.5W, Warm White 3K, 157"" lead",Hafele,H.833.75.326,,,,,,,,,,,,,,,,,,,,,,,,
"NICKLE LED Puck, Housing, Surface Mount",Hafele,H.833.72.528,,,,,,,,,,,,,,,,,,,,,,,,
"WHITE LED Puck, 24V, 2.5"", Recessed, 2.5W, Warm White 3K, 157"" lead",Hafele,H.833.75.329,,,,,,,,,,,,,,,,,,,,,,,,
"WHITE LED Puck, Housing, Surface Mount",Hafele,H.833.72.807,,,,,,,,,,,,,,,,,,,,,,,,
,,,,,,,,,,,,,,,,,,,,,,,,,,
SWITCH,,,,,,,,,,,,,,,,,,,,,,,,,,
"Push Switch 78""  ",Hafele,H.833.89.108,,,,Quantity,Cost per piece/inch x Total Cost,487,,488,,,489,,,490,,,491,,,492,,,,493
"Concealed/Touch Switch 0"" ",Hafele,H.833.89.133,,,,Quantity,Cost per piece/inch x Total Cost,,,,,,,,,,,,,,,,,,,
"Remote Switch 0"" ",Hafele,H.833.89.122,,,,Quantity,Cost per piece/inch x Total Cost,,,,,,,,,,,,,,,,,,,
"6 Channel Remote Receiver 39"" ",Hafele,H.833.73.741,,,,Quantity,Cost per piece/inch x Total Cost,,,,,,,,,,,,,,,,,,,
Door Activation Switch ,Hafele,H.833.89.128,,,,Quantity,Cost per piece/inch x Total Cost,,,,,,,,,,,,,,,,,,,
Motion Switch ,Hafele,H.833.89.129,,,,Quantity,Cost per piece/inch x Total Cost,,,,,,,,,,,,,,,,,,,
Motion Switch (Adjustbale timing) (NEW),Hafele,H.833.89.333,,,,,,,,,,,,,,,,,,,,,,,,
Switch Housing ,Hafele,H.833.89.090,,,,Quantity,Cost per piece/inch x Total Cost,,,,,,,,,,,,,,,,,,,
,,,,,,,,,,,,,,,,,,,,,,,,,,
SWITCH EXTENSION CABLE,,,,,,,,,,,,,,,,,,,,,,,,,,
"Switch Extension cable 78"" ",Hafele,H.833.89.067,,,,Quantity,Cost per piece/inch x Total Cost,,,,,,,,,,,,,,,,,,,
,,,,,,,,,,,,,,,,,,,,,,,,,,
SWITCH ADAPTER CABLE,,,,,,,,,,,,,,,,,,,,,,,,,,
"Cable 39"" ",Hafele,H.833.89.141,,,,Quantity,Cost per piece/inch x Total Cost,,,,,,,,,,,,,,,,,,,
"Cable 78"" ",Hafele,H.833.89.142,,,,Quantity,Cost per piece/inch x Total Cost,,,,,,,,,,,,,,,,,,,
"Cable 78""",Hafele,H.833.89.142,,,,,,,,,,,,,,,,,,,,,,,,
,,,,,,,,,,,,,,,,,,,,,,,,,,
"LED STRIP LIGHT (can cut every 1"")",,,,,,,,,,,,,,,,,,,,,,,,,,
"5M Roll, 3000K, Warm White, 20Watt ",Hafele,H.833.74.355,,,,Quantity,Cost per piece/inch x Total Cost,,,,,,,,,,,,,,,,,,,
"5M Roll, 24V, 3000K, Warm White, 24Watt/5m",Hafele,833.76.317,,,,,,,,,,,,,,,,,,,,,,,,
,,,,,,,,,,,,,,,,,,,,,,,,,,
LED STRIP CONNECTORS (flexible),,,,,,,,,,,,,,,,,,,,,,,,,,
"Strip/Strip Connector  2""  ",Hafele,H.833.89.191,,,,Quantity,Cost per piece/inch x Total Cost,"506,507,508",,,,"509,510",,,,,,,,,,,,,,
"Strip/Strip Connector  19""  ",Hafele,H.833.89.192,,,,Quantity,Cost per piece/inch x Total Cost,,,,,,,,,,,,,,,,,,,
"Strip/Strip Connector  78"" ",Hafele,H.833.89.193,,,,Quantity,Cost per piece/inch x Total Cost,,,,,,,,,,,,,,,,,,,
"Driver/Strip Connector 4""  ",Hafele,H.833.93.736,,,,Quantity,Cost per piece/inch x Total Cost,,,,,,,,,,,,,,,,,,,
"Driver/Strip Connector 78""  ",Hafele,H.833.95.700,,,,Quantity,Cost per piece/inch x Total Cost,,,,,,,,,,,,,,,,,,,
"Driver/Strip 2V Connector 78"" (NEW)",Hafele,H.833.95.706,,,,,,,,,,,,,,,,,,,,,,,,
,,,,,,,,,,,,,,,,,,,,,,,,,,
LED STRIP SWITCH,,,,,,,,513,,,514,,,,,,,,,,,,,,,
"Aluminum Profile Dimmer 78"" ",Hafele,H.833.95.751,,,,Quantity,Cost per piece/inch x Total Cost,,,,,,,,,,,,,,,,,,,
"Aluminum Profile Motion 78"" ",Hafele,H.833.95.750,,,,Quantity,Cost per piece/inch x Total Cost,,,,,,,,,,,,,,,,,,,
,,,,,,,,,,,,,,,,,,,,,,,,,,
ALUMINUM TRAY,,,,,,,,517,,,518,,,,,,,,,,,,,,,
"Square Surface Mount 98"" - Frosted Diffusor",Hafele,H.833.72.842,,,,Quantity,Cost per piece/inch x Total Cost,,,,,,,,,,,,,,,,,,,
"Slim Square Mount 98"" - Frosted Diffusor (WONT WORK) delete",Hafele,H.833.72.840,,,,,,,,,,,,,,,,,,,,,,,,
"Slim Square Mount 98"" - Frosted Diffusor (NEW)",Hafele,H.833.71.852,,,,,,,,,,,,,,,,,,,,,,,,
"Corner Surface Mount 98"" - Frosted Diffusor ",Hafele,H.833.74.812,,,,Quantity,Cost per piece/inch x Total Cost,,,,,,,,,,,,,,,,,,,
,,,,,,,,,,,,,,,,,,,,,,,,,,
JIGS/TOOLS,,,,,,,,,,,,,,,,,,,,,,,,,,
RAFIX  ,,,,,,,,,,,,,,,,,,,,,,,,,,
Replacement Rafix Drill,Hafele,H.001.24.426,,,,Quantity,Cost per piece/inch x Total Cost,522,,,,523,,,524,,,525,,,,,,,,
Replacement Rafix Jig,Hafele,H.001.25.631,,,,Quantity,Cost per piece/inch x Total Cost,,,,,,,,,,,,,,,,,,,
Replacement Rafix Stop Ring,Hafele,H.001.42.693,,,,Quantity,Cost per piece/inch x Total Cost,,,,,,,,,,,,,,,,,,,
Replacement Rafix Drill Guage,Hafele,H.001.28.750,,,,Quantity,Cost per piece/inch x Total Cost,,,,,,,,,,,,,,,,,,,
,,,,,,,,,,,,,,,,,,,,,,,,,,
BITS,,,,,,,,,,,,,,,,,,,,,,,,,,
5mm Drill Bits (10 pack),Hafele,H.001.41.168,,,,Quantity,Cost per piece/inch x Total Cost,528,,,529,,,,,,,,,,,,,,,
"Pozi Drive Driver Bit 2"" (10 pack)",Hafele,H.006.37.285,,,,Quantity,Cost per piece/inch x Total Cost,,,,,,,,,,,,,,,,,,,
,,,,,,,,,,,,,,,,,,,,,,,,,,
JIGS/TOOLS,,,,,,,,532,,,,533,,,,534,,,,,,,,,,
Line Boring Jig,Hafele,H.001.27.007,,,,Quantity,Cost per piece/inch x Total Cost,,,,,,,,,,,,,,,,,,,
Handle Drilling Jig,Hafele,H.001.35.001,,,,Quantity,Cost per piece/inch x Total Cost,,,,,,,,,,,,,,,,,,,
Centering Drill Bit Holder (Line Boring Tool),Hafele,H.001.28.600,,,,Quantity,Cost per piece/inch x Total Cost,,,,,,,,,,,,,,,,,,,
,,,,,,,,,,,,,,,,,,,,,,,,,,
TOUCH-UP STICKS,,,,,,,,,,,,,,,,,,,,,,,,,,
Touch-Up Sticks,,,,,,,,,,,,,,,,,,,,,,,,,,
White,Richelieu,M2300202,,,,Quantity,Cost per piece/inch x Total Cost,,,,,,,,,,,,,,,,,,,
,,,,,,,,,,,,,,,,,,,,,,,,,,
Nova White,Richelieu,M2300202,,,,Quantity,Cost per piece/inch x Total Cost,,,,,,,,,,,,,,,,,,,
Free Spirit,Richelieu,M2300183,,,,Quantity,Cost per piece/inch x Total Cost,,,,,,,,,,,,,,,,,,,
Sheer Beauty,Richelieu,M2300173,,,,Quantity,Cost per piece/inch x Total Cost,,,,,,,,,,,,,,,,,,,
Fashionista,Richelieu,M2319114,,,,Quantity,Cost per piece/inch x Total Cost,,,,,,,,,,,,,,,,,,,
First Class,Richelieu,M2300279,,,,Quantity,Cost per piece/inch x Total Cost,,,,,,,,,,,,,,,,,,,
White Chocolate,Richelieu,M2319483,,,,Quantity,Cost per piece/inch x Total Cost,,,,,,,,,,,,,,,,,,,
Canadian Grey,Richelieu,M2300027,,,,Quantity,Cost per piece/inch x Total Cost,,,,,,,,,,,,,,,,,,,
Maple,Richelieu,M2308359,,,,Quantity,Cost per piece/inch x Total Cost,,,,,,,,,,,,,,,,,,,
Sunset Grey,Richelieu,M2300183,,,,Quantity,Cost per piece/inch x Total Cost,,,,,,,,,,,,,,,,,,,
Black,Richelieu,M2300224,,,,Quantity,Cost per piece/inch x Total Cost,,,,,,,,,,,,,,,,,,,
Charcoal,Richelieu,M2318724,,,,Quantity,Cost per piece/inch x Total Cost,,,,,,,,,,,,,,,,,,,
,,,,,,,,,,,,,,,,,,,,,,,,,,
Silverwood,Richelieu,M2300070,,,,Quantity,Cost per piece/inch x Total Cost,,,,,,,,,,,,,,,,,,,
Esterel,Richelieu,M2319114,,,,Quantity,Cost per piece/inch x Total Cost,,,,,,,,,,,,,,,,,,,
Cassis,Richelieu,M2300069,,,,Quantity,Cost per piece/inch x Total Cost,,,,,,,,,,,,,,,,,,,
Winter Fun,Richelieu,M2300037,,,,Quantity,Cost per piece/inch x Total Cost,,,,,,,,,,,,,,,,,,,
Apres Ski,Richelieu,M2319114,,,,Quantity,Cost per piece/inch x Total Cost,,,,,,,,,,,,,,,,,,,
Super Matte Sunset Grey,Richelieu,M2300183,,,,Quantity,Cost per piece/inch x Total Cost,,,,,,,,,,,,,,,,,,,
Super Matte White,Richelieu,M2300224,,,,Quantity,Cost per piece/inch x Total Cost,,,,,,,,,,,,,,,,,,,
Super Matte Charcoal,Richelieu,M2318724,,,,Quantity,Cost per piece/inch x Total Cost,,,,,,,,,,,,,,,,,,,
,,,,,,,,,,,,,,,,,,,,,,,,,,
Chiffon,Richelieu,M2300083,,,,Quantity,Cost per piece/inch x Total Cost,,,,,,,,,,,,,,,,,,,
Pietra,Richelieu,M2300049,,,,Quantity,Cost per piece/inch x Total Cost,,,,,,,,,,,,,,,,,,,
Ombre,Richelieu,M2300035,,,,Quantity,Cost per piece/inch x Total Cost,,,,,,,,,,,,,,,,,,,
Whisper,Richelieu,M2300503,,,,Quantity,Cost per piece/inch x Total Cost,,,,,,,,,,,,,,,,,,,
Rumour,Richelieu,M2319114,,,,Quantity,Cost per piece/inch x Total Cost,,,,,,,,,,,,,,,,,,,
Super Matte Black,Richelieu,M2300224,,,,Quantity,Cost per piece/inch x Total Cost,,,,,,,,,,,,,,,,,,,
Super Matte Charcoal,Richelieu,M2318724,,,,Quantity,Cost per piece/inch x Total Cost,,,,,,,,,,,,,,,,,,,
Super Matte Sage,Richelieu,M2315020,,,,Quantity,Cost per piece/inch x Total Cost,,,,,,,,,,,,,,,,,,,
Super Matte Shipshaw,Richelieu,M2300340,,,,Quantity,Cost per piece/inch x Total Cost,,,,,,,,,,,,,,,,,,,
,,,,,,,,,,,,,,,,,,,,,,,,,,
,,,,,,,,,,,,,,,,,,,,,,,,,,
CAM/SCREW COVERS,,,,,,,,,,,,,,,,,,,,,,,,,,
TFL CAM COVERS,,,,,,,,,,,,,,,,,,,,,,,,,,
TFL Cam Cover - White,MJ Wodcraft,CAM-WHITE,,,,,,,,,,,,,,,,,,,,,,,,
TFL Cam Cover - Free Spirit,MJ Wodcraft,CAM-FREE_SPIRIT,,,,,,,,,,,,,,,,,,,,,,,,
TFL Cam Cover - Sheer Beauty,MJ Wodcraft,CAM-SHEER_BEAUTY,,,,,,,,,,,,,,,,,,,,,,,,
TFL Cam Cover - Fashionista,MJ Wodcraft,CAM-FASHIONISTA,,,,,,,,,,,,,,,,,,,,,,,,
TFL Cam Cover - First Class,MJ Wodcraft,CAM-FIRST_CLASS,,,,,,,,,,,,,,,,,,,,,,,,
TFL Cam Cover - White Chocolate,MJ Wodcraft,CAM-WHITE_CHOCOLATE,,,,,,,,,,,,,,,,,,,,,,,,
TFL Cam Cover - Canadian Grey (uses Matte Cam Cover),MJ Wodcraft,CAM-CANADIAN_GREY,,,,,,,,,,,,,,,,,,,,,,,,
TFL Cam Cover - Sunset Grey (uses Matte Cam Cover),MJ Wodcraft,CAM-LIGHT_GREY,,,,,,,,,,,,,,,,,,,,,,,,
TFL Cam Cover - Black (uses Matte Cam Cover),MJ Wodcraft,CAM-BLACK,,,,,,,,,,,,,,,,,,,,,,,,
TFL Cam Cover - Charcoal (uses Matte Cam Cover),MJ Wodcraft,CAM-CHARCOAL,,,,,,,,,,,,,,,,,,,,,,,,
TFL Cam Cover - Silverwood,MJ Wodcraft,N/A,,,,,,,,,,,,,,,,,,,,,,,,
TFL Cam Cover - Esterel,MJ Wodcraft,CAM-ESTEREL,,,,,,,,,,,,,,,,,,,,,,,,
TFL Cam Cover - Cassis,MJ Wodcraft,CAM-CASSIS,,,,,,,,,,,,,,,,,,,,,,,,
TFL Cam Cover - Winter Fun,MJ Wodcraft,CAM-WINTER_FUN,,,,,,,,,,,,,,,,,,,,,,,,
TFL Cam Cover - Apres Ski,MJ Wodcraft,CAM-APRES_SKI,,,,,,,,,,,,,,,,,,,,,,,,
TFL Cam Cover - Super Matte Sunset Grey,MJ Wodcraft,CAM-LIGHT_GREY,,,,,,,,,,,,,,,,,,,,,,,,
TFL Cam Cover - Super Matte White,MJ Wodcraft,CAM-PURE_WHITE,,,,,,,,,,,,,,,,,,,,,,,,
TFL Cam Cover - Super Matte Canadian Grey,MJ Wodcraft,CAM-CANADIAN_GREY,,,,,,,,,,,,,,,,,,,,,,,,
TFL Cam Cover - Chiffon,MJ Wodcraft,CAM-CHIFFON,,,,,,,,,,,,,,,,,,,,,,,,
TFL Cam Cover - Pietra,MJ Wodcraft,CAM-PIETRA,,,,,,,,,,,,,,,,,,,,,,,,
TFL Cam Cover - Ombre,MJ Wodcraft,CAM-OMBRE,,,,,,,,,,,,,,,,,,,,,,,,
TFL Cam Cover - Whisper,MJ Wodcraft,CAM-WHISPER,,,,,,,,,,,,,,,,,,,,,,,,
TFL Cam Cover - Rumour,MJ Wodcraft,CAM-RUMOUR,,,,,,,,,,,,,,,,,,,,,,,,
TFL Cam Cover - Super Matte Black,MJ Wodcraft,CAM-BLACK,,,,,,,,,,,,,,,,,,,,,,,,
TFL Cam Cover - Super Matte Charcoal,MJ Wodcraft,CAM-CHARCOAL,,,,,,,,,,,,,,,,,,,,,,,,
TFL Cam Cover - Super Matte Sage,MJ Wodcraft,CAM-SAGE,,,,,,,,,,,,,,,,,,,,,,,,
TFL Cam Cover - Super Matte Shipshaw,MJ Wodcraft,CAM-GAUNTLET GREY,,,,,,,,,,,,,,,,,,,,,,,,
MATTE CAM COVERS,,,,,,,,,,,,,,,,,,,,,,,,,,
Matte Cam Cover - White,MJ Wodcraft,CAM-SATIN_WHITE,,,,,,,,,,,,,,,,,,,,,,,,
Matte Cam Cover - Black,MJ Wodcraft,CAM-BLACK,,,,,,,,,,,,,,,,,,,,,,,,
Matte Cam Cover - Fume,MJ Wodcraft,CAM-CHARCOAL,,,,,,,,,,,,,,,,,,,,,,,,
Matte Cam Cover - New Gray,MJ Wodcraft,CAM-SUEDE_STONE,,,,,,,,,,,,,,,,,,,,,,,,
Matte Cam Cover - Magnolia,MJ Wodcraft,CAM-FRESH_LINEN,,,,,,,,,,,,,,,,,,,,,,,,
Matte Cam Cover - Blue Notte,MJ Wodcraft,CAM-MERINO BLUE,,,,,,,,,,,,,,,,,,,,,,,,
Matte Cam Cover - Arctic Grey,MJ Wodcraft,CAM-LIGHT_GREY,,,,,,,,,,,,,,,,,,,,,,,,
Matte Cam Cover - Fog,MJ Wodcraft,CAM-JERSEY_FOG,,,,,,,,,,,,,,,,,,,,,,,,
HIGH GLOSS CAM COVERS,,,,,,,,,,,,,,,,,,,,,,,,,,
High Gloss Cam Cover - HG White (uses Matte Cam Cover),MJ Wodcraft,CAM-SATIN_WHITE,,,,,,,,,,,,,,,,,,,,,,,,
High Gloss Cam Cover - HG Black (uses Matte Cam Cover),MJ Wodcraft,CAM-BLACK,,,,,,,,,,,,,,,,,,,,,,,,
High Gloss Cam Cover - HG Fume (uses Matte Cam Cover),MJ Wodcraft,CAM-CHARCOAL,,,,,,,,,,,,,,,,,,,,,,,,
High Gloss Cam Cover - HG Magnolia (uses Matte Cam Cover),MJ Wodcraft,CAM-FRESH_LINEN,,,,,,,,,,,,,,,,,,,,,,,,
High Gloss Cam Cover - HG Arctic Grey (uses Matte Cam Cover),MJ Wodcraft,CAM-LIGHT_GREY,,,,,,,,,,,,,,,,,,,,,,,,
High Gloss Cam Cover - HG Fog (uses Matte Cam Cover),MJ Wodcraft,CAM-JERSEY_FOG,,,,,,,,,,,,,,,,,,,,,,,,
TFL SCREW COVERS,,,,,,,,,,,,,,,,,,,,,,,,,,
TFL Screw Cover - White,MJ Wodcraft,SCREW-WHITE,,,,,,,,,,,,,,,,,,,,,,,,
TFL Screw Cover - Free Spirit,MJ Wodcraft,SCREW-FREE_SPIRIT,,,,,,,,,,,,,,,,,,,,,,,,
TFL Screw Cover - Sheer Beauty,MJ Wodcraft,SCREW-SHEER_BEAUTY,,,,,,,,,,,,,,,,,,,,,,,,
TFL Screw Cover - Fashionista,MJ Wodcraft,SCREW-FASHIONISTA,,,,,,,,,,,,,,,,,,,,,,,,
TFL Screw Cover - First Class,MJ Wodcraft,SCREW-FIRST_CLASS,,,,,,,,,,,,,,,,,,,,,,,,
TFL Screw Cover - White Chocolate,MJ Wodcraft,SCREW-WHITE_CHOCOLATE,,,,,,,,,,,,,,,,,,,,,,,,
TFL Screw Cover - Canadian Grey (uses Matte Cam Cover),MJ Wodcraft,SCREW-CANADIAN_GREY,,,,,,,,,,,,,,,,,,,,,,,,
TFL Screw Cover - Sunset Grey (uses Matte Cam Cover),MJ Wodcraft,SCREW-LIGHT_GREY,,,,,,,,,,,,,,,,,,,,,,,,
TFL Screw Cover - Black (uses Matte Cam Cover),MJ Wodcraft,SCREW-BLACK,,,,,,,,,,,,,,,,,,,,,,,,
TFL Screw Cover - Charcoal (uses Matte Cam Cover),MJ Wodcraft,SCREW-CHARCOAL,,,,,,,,,,,,,,,,,,,,,,,,
TFL Screw Cover - Silverwood,MJ Wodcraft,N/A,,,,,,,,,,,,,,,,,,,,,,,,
TFL Screw Cover - Esterel,MJ Wodcraft,SCREW-ESTEREL,,,,,,,,,,,,,,,,,,,,,,,,
TFL Screw Cover - Cassis,MJ Wodcraft,SCREW-CASSIS,,,,,,,,,,,,,,,,,,,,,,,,
TFL Screw Cover - Winter Fun,MJ Wodcraft,SCREW-WINTER_FUN,,,,,,,,,,,,,,,,,,,,,,,,
TFL Screw Cover - Apres Ski,MJ Wodcraft,SCREW-APRES_SKI,,,,,,,,,,,,,,,,,,,,,,,,
TFL Screw Cover - Super Matte Sunset Grey,MJ Wodcraft,SCREW-LIGHT_GREY,,,,,,,,,,,,,,,,,,,,,,,,
TFL Screw Cover - Super Matte White,MJ Wodcraft,SCREW-PURE_WHITE,,,,,,,,,,,,,,,,,,,,,,,,
TFL Screw Cover - Super Matte Canadian Grey,MJ Wodcraft,SCREW-CANADIAN_GREY,,,,,,,,,,,,,,,,,,,,,,,,
TFL Screw Cover - Chiffon,MJ Wodcraft,SCREW-CHIFFON,,,,,,,,,,,,,,,,,,,,,,,,
TFL Screw Cover - Pietra,MJ Wodcraft,SCREW-PIETRA,,,,,,,,,,,,,,,,,,,,,,,,
TFL Screw Cover - Ombre,MJ Wodcraft,SCREW-OMBRE,,,,,,,,,,,,,,,,,,,,,,,,
TFL Screw Cover - Whisper,MJ Wodcraft,SCREW-WHISPER,,,,,,,,,,,,,,,,,,,,,,,,
TFL Screw Cover - Rumour,MJ Wodcraft,SCREW-RUMOUR,,,,,,,,,,,,,,,,,,,,,,,,
TFL Screw Cover - Super Matte Black,MJ Wodcraft,SCREW-BLACK,,,,,,,,,,,,,,,,,,,,,,,,
TFL Screw Cover - Super Matte Charcoal,MJ Wodcraft,SCREW-CHARCOAL,,,,,,,,,,,,,,,,,,,,,,,,
TFL Screw Cover - Super Matte Sage,MJ Wodcraft,SCREW-SAGE,,,,,,,,,,,,,,,,,,,,,,,,
TFL Screw Cover - Super Matte Shipshaw,MJ Wodcraft,SCREW-GAUNTLET GREY,,,,,,,,,,,,,,,,,,,,,,,,
MATTE SCREW COVERS,,,,,,,,,,,,,,,,,,,,,,,,,,
Matte Screw Cover - White,MJ Wodcraft,SCREW-SATIN_WHITE,,,,,,,,,,,,,,,,,,,,,,,,
Matte Screw Cover - Black,MJ Wodcraft,SCREW-BLACK,,,,,,,,,,,,,,,,,,,,,,,,
Matte Screw Cover - Fume,MJ Wodcraft,SCREW-CHARCOAL,,,,,,,,,,,,,,,,,,,,,,,,
Matte Screw Cover - New Gray,MJ Wodcraft,SCREW-SUEDE_STONE,,,,,,,,,,,,,,,,,,,,,,,,
Matte Screw Cover - Magnolia,MJ Wodcraft,SCREW-FRESH_LINEN,,,,,,,,,,,,,,,,,,,,,,,,
Matte Screw Cover - Blue Notte,MJ Wodcraft,SCREW-MERINO BLUE,,,,,,,,,,,,,,,,,,,,,,,,
Matte Screw Cover - Arctic Grey,MJ Wodcraft,SCREW-LIGHT_GREY,,,,,,,,,,,,,,,,,,,,,,,,
Matte Screw Cover - Fog,MJ Wodcraft,SCREW-JERSEY_FOG,,,,,,,,,,,,,,,,,,,,,,,,
HIGH GLOSS SCREW COVERS,,,,,,,,,,,,,,,,,,,,,,,,,,
High Gloss Screw Cover - HG White (uses Matte Cam Cover),MJ Wodcraft,SCREW-SATIN_WHITE,,,,,,,,,,,,,,,,,,,,,,,,
High Gloss Screw Cover - HG Black (uses Matte Cam Cover),MJ Wodcraft,SCREW-BLACK,,,,,,,,,,,,,,,,,,,,,,,,
High Gloss Screw Cover - HG Fume (uses Matte Cam Cover),MJ Wodcraft,SCREW-CHARCOAL,,,,,,,,,,,,,,,,,,,,,,,,
High Gloss Screw Cover - HG Magnolia (uses Matte Cam Cover),MJ Wodcraft,SCREW-FRESH_LINEN,,,,,,,,,,,,,,,,,,,,,,,,
High Gloss Screw Cover - HG Arctic Grey (uses Matte Cam Cover),MJ Wodcraft,SCREW-LIGHT_GREY,,,,,,,,,,,,,,,,,,,,,,,,
High Gloss Screw Cover - HG Fog (uses Matte Cam Cover),MJ Wodcraft,SCREW-JERSEY_FOG,,,,,,,,,,,,,,,,,,,,,,,,
,,,,,,,,,,,,,,,,,,,,,,,,,,
,,,,,,,,,,,,,,,,,,,,,,,,,,
,,,,,,,,,,,,,,,,,,,,,,,,,,
,,,,,,,,,,,,,,,,,,,,,,,,,,
,,,,,,,,,,,,,,,,,,,,,,,,,,
CONCEPT ONLY - DO NOT USE,,,,,,,,,,,,,,,,,,,,,,,,,,
DIVIDED DRAWER,,,,,,,,,,,,,,,,,,,,,,,,,,
Divided Drawer,,,,,,,,,,,,,,,,,,,,,,,,,,
"Divided Drawer, Matte Gold with Beach Fabric, 18"" width",Hafele,H.807.77.921,,,,,,,,,,,,,,,,,,,,,,,,
"Divided Drawer, Matte Gold with Beach Fabric, 24"" width",Hafele,H.807.77.922,,,,,,,,,,,,,,,,,,,,,,,,
"Divided Drawer, Matte Gold with Beach Fabric, 30"" width",Hafele,H.807.77.923,,,,,,,,,,,,,,,,,,,,,,,,
"Divided Drawer, Matte Gold with Beach Fabric, 36"" width",Hafele,H.807.77.924,,,,,,,,,,,,,,,,,,,,,,,,
"Divided Drawer, Matte Black with Beach Fabric, 18"" width",Hafele,H.807.78.321,,,,,,,,,,,,,,,,,,,,,,,,
"Divided Drawer, Matte Black with Beach Fabric, 24"" width",Hafele,H.807.78.322,,,,,,,,,,,,,,,,,,,,,,,,
"Divided Drawer, Matte Black with Beach Fabric, 30"" width",Hafele,H.807.78.323,,,,,,,,,,,,,,,,,,,,,,,,
"Divided Drawer, Matte Black with Beach Fabric, 36"" width",Hafele,H.807.78.324,,,,,,,,,,,,,,,,,,,,,,,,
"Divided Drawer, Slate with Slate Fabric, 18"" width",Hafele,H.807.78.121,,,,,,,,,,,,,,,,,,,,,,,,
"Divided Drawer, Slate with Slate Fabric, 24"" width",Hafele,H.807.78.122,,,,,,,,,,,,,,,,,,,,,,,,
"Divided Drawer, Slate with Slate Fabric, 30"" width",Hafele,H.807.78.123,,,,,,,,,,,,,,,,,,,,,,,,
"Divided Drawer, Slate with Slate Fabric, 36"" width",Hafele,H.807.78.124,,,,,,,,,,,,,,,,,,,,,,,,
,,,,,,,,,,,,,,,,,,,,,,,,,,
PULL-OUT SHELF (Folding Station),,,,,,,,,,,,,,,,,,,,,,,,,,
Pull-Out Shelf (Folding Station),,,,,,,,,,,,,,,,,,,,,,,,,,
"Pull-Out Shelf, Matte Gold with Beach Fabric, 18"" width",Hafele,H.807.77.901,,,,,,,,,,,,,,,,,,,,,,,,
"Pull-Out Shelf, Matte Gold with Beach Fabric, 24"" width",Hafele,H.807.77.902,,,,,,,,,,,,,,,,,,,,,,,,
"Pull-Out Shelf, Matte Gold with Beach Fabric, 30"" width",Hafele,H.807.77.903,,,,,,,,,,,,,,,,,,,,,,,,
"Pull-Out Shelf, Matte Gold with Beach Fabric, 36"" width",Hafele,H.807.77.904,,,,,,,,,,,,,,,,,,,,,,,,
"Pull-Out Shelf, Matte Black with Beach Fabric, 18"" width",Hafele,H.807.78.301,,,,,,,,,,,,,,,,,,,,,,,,
"Pull-Out Shelf, Matte Black with Beach Fabric, 24"" width",Hafele,H.807.78.302,,,,,,,,,,,,,,,,,,,,,,,,
"Pull-Out Shelf, Matte Black with Beach Fabric, 30"" width",Hafele,H.807.78.303,,,,,,,,,,,,,,,,,,,,,,,,
"Pull-Out Shelf, Matte Black with Beach Fabric, 36"" width",Hafele,H.807.78.304,,,,,,,,,,,,,,,,,,,,,,,,
"Pull-Out Shelf, Slate with Slate Fabric, 18"" width",Hafele,H.807.78.101,,,,,,,,,,,,,,,,,,,,,,,,
"Pull-Out Shelf, Slate with Slate Fabric, 24"" width",Hafele,H.807.78.102,,,,,,,,,,,,,,,,,,,,,,,,
"Pull-Out Shelf, Slate with Slate Fabric, 30"" width",Hafele,H.807.78.103,,,,,,,,,,,,,,,,,,,,,,,,
"Pull-Out Shelf, Slate with Slate Fabric, 36"" width",Hafele,H.807.78.104,,,,,,,,,,,,,,,,,,,,,,,,
,,,,,,,,,,,,,,,,,,,,,,,,,,
PULL-OUT SHELF DIVIDERS,,,,,,,,,,,,,,,,,,,,,,,,,,
Pull-out Shelf Dividers,,,,,,,,,,,,,,,,,,,,,,,,,,
"Dividers, Matte Gold Shelf Dividers with Clips",Hafele,H.807.77.999 ,,,,,,,,,,,,,,,,,,,,,,,,
"Dividers, Matte Black Shelf Dividers with Clips",Hafele,H.807.78.599,,,,,,,,,,,,,,,,,,,,,,,,
"Dividers, Slate Shelf Dividers with Clips ",Hafele,H.807.77.299,,,,,,,,,,,,,,,,,,,,,,,,
,,,,,,,,,,,,,,,,,,,,,,,,,,
PULL-OUT SHELF JEWELRY ORGANIZER,,,,,,,,,,,,,,,,,,,,,,,,,,
Pull-out Shelf Jewelry Organizer,,,,,,,,,,,,,,,,,,,,,,,,,,
"Jewelry Organizer, Matte Gold, 18"" width",Hafele,H.807.77.981,,,,,,,,,,,,,,,,,,,,,,,,
"Jewelry Organizer, Matte Gold, 24"" width",Hafele,H.807.77.982,,,,,,,,,,,,,,,,,,,,,,,,
"Jewelry Organizer, Matte Gold, 30"" width",Hafele,H.807.77.983,,,,,,,,,,,,,,,,,,,,,,,,
"Jewelry Organizer, Matte Gold, 36"" width",Hafele,H.807.77.984,,,,,,,,,,,,,,,,,,,,,,,,
"Jewelry Organizer, Matte Black, 18"" width",Hafele,H.807.78.581 ,,,,,,,,,,,,,,,,,,,,,,,,
"Jewelry Organizer, Matte Black, 24"" width",Hafele,H.807.78.582 ,,,,,,,,,,,,,,,,,,,,,,,,
"Jewelry Organizer, Matte Black, 30"" width",Hafele,H.807.78.583,,,,,,,,,,,,,,,,,,,,,,,,
"Jewelry Organizer, Matte Black, 36"" width",Hafele,H.807.78.584,,,,,,,,,,,,,,,,,,,,,,,,
"Jewelry Organizer, Slate, 18"" width",Hafele,H.807.77.281 ,,,,,,,,,,,,,,,,,,,,,,,,
"Jewelry Organizer, Slate, 24"" width",Hafele,H.807.77.282,,,,,,,,,,,,,,,,,,,,,,,,
"Jewelry Organizer, Slate, 30"" width",Hafele,H.807.77.283,,,,,,,,,,,,,,,,,,,,,,,,
"Jewelry Organizer, Slate, 36"" width",Hafele,H.807.77.284,,,,,,,,,,,,,,,,,,,,,,,,
,,,,,,,,,,,,,,,,,,,,,,,,,,
LINGERIE DRAWER,,,,,,,,,,,,,,,,,,,,,,,,,,
Lingerie Drawer ,,,,,,,,,,,,,,,,,,,,,,,,,,
"Lingerie Drawer, Matte Gold with Beach Fabric, 18"" width",Hafele,H.807.77.911,,,,,,,,,,,,,,,,,,,,,,,,
"Lingerie Drawer, Matte Gold with Beach Fabric, 24"" width",Hafele,H.807.77.912,,,,,,,,,,,,,,,,,,,,,,,,
"Lingerie Drawer, Matte Gold with Beach Fabric, 30"" width",Hafele,H.807.77.913,,,,,,,,,,,,,,,,,,,,,,,,
"Lingerie Drawer, Matte Gold with Beach Fabric, 36"" width",Hafele,H.807.77.914,,,,,,,,,,,,,,,,,,,,,,,,
"Lingerie Drawer, Matte Black with Beach Fabric, 18"" width",Hafele,H.807.78.311,,,,,,,,,,,,,,,,,,,,,,,,
"Lingerie Drawer, Matte Black with Beach Fabric, 24"" width",Hafele,H.807.78.312,,,,,,,,,,,,,,,,,,,,,,,,
"Lingerie Drawer, Matte Black with Beach Fabric, 30"" width",Hafele,H.807.78.313,,,,,,,,,,,,,,,,,,,,,,,,
"Lingerie Drawer, Matte Black with Beach Fabric, 36"" width",Hafele,H.807.78.314,,,,,,,,,,,,,,,,,,,,,,,,
"Lingerie Drawer, Slate with Slate Fabric, 18"" width",Hafele,H.807.78.111,,,,,,,,,,,,,,,,,,,,,,,,
"Lingerie Drawer, Slate with Slate Fabric, 24"" width",Hafele,H.807.78.112,,,,,,,,,,,,,,,,,,,,,,,,
"Lingerie Drawer, Slate with Slate Fabric, 30"" width",Hafele,H.807.78.113,,,,,,,,,,,,,,,,,,,,,,,,
"Lingerie Drawer, Slate with Slate Fabric, 36"" width",Hafele,H.807.78.114,,,,,,,,,,,,,,,,,,,,,,,,
,,,,,,,,,,,,,,,,,,,,,,,,,,
SHOE ORGANIZER,,,,,,,,,,,,,,,,,,,,,,,,,,
Shoe Organizer,,,,,,,,,,,,,,,,,,,,,,,,,,
"Shoe Organizer, Matte Gold, 18"" width",Hafele,H.807.77.971 ,,,,,,,,,,,,,,,,,,,,,,,,
"Shoe Organizer, Matte Gold, 24"" width",Hafele,H.807.77.972,,,,,,,,,,,,,,,,,,,,,,,,
"Shoe Organizer, Matte Gold, 30"" width",Hafele,H.807.77.973,,,,,,,,,,,,,,,,,,,,,,,,
"Shoe Organizer, Matte Gold, 36"" width",Hafele,H.807.77.974,,,,,,,,,,,,,,,,,,,,,,,,
"Shoe Organizer, Matte Black, 18"" width",Hafele,H.807.77.571,,,,,,,,,,,,,,,,,,,,,,,,
"Shoe Organizer, Matte Black, 24"" width",Hafele,H.807.77.572,,,,,,,,,,,,,,,,,,,,,,,,
"Shoe Organizer, Matte Black, 30"" width",Hafele,H.807.77.573,,,,,,,,,,,,,,,,,,,,,,,,
"Shoe Organizer, Matte Black, 36"" width",Hafele,H.807.77.574,,,,,,,,,,,,,,,,,,,,,,,,
"Shoe Organizer, Slate, 18"" width",Hafele,H.807.77.271 ,,,,,,,,,,,,,,,,,,,,,,,,
"Shoe Organizer, Slate, 24"" width",Hafele,H.807.77.272,,,,,,,,,,,,,,,,,,,,,,,,
"Shoe Organizer, Slate, 30"" width",Hafele,H.807.77.273,,,,,,,,,,,,,,,,,,,,,,,,
"Shoe Organizer, Slate, 36"" width",Hafele,H.807.77.274,,,,,,,,,,,,,,,,,,,,,,,,